M0261,T023840_1.02,VERRQRRMIKNRESAARSRARKQAYTVELEAELNQLKEENAQLKHALAELER
M0259,T023827_1.02,HDKMKRRLAQNREAARKSRLRKKAYVQQLEESRLKLSQLEQELEKVKQQGH
M0262,T023841_1.02,DPKRAKRIIANRQSAARSKERKARYILELERKVQTLQTEATTLSAQLSLFQRDTTGLSSENT
M0263,T023842_1.02,EEDEKKRARLMRNRESAQLSRQRKKHYVEELEEKVRNMHSTITDLNGKISYFMAENATLRQQLG
M0255,T023815_1.02,EREIKRQRRKQSNRESARRSRLRKQAECDELAQRAEVLNGENSSLRAEINKLKSQYEELLAENS
M0266,T023860_1.02,EKEVKREKRKQSNRESARRSRLRKQAETEQLSVKVDALVAENMSLRSKLGQLNNESEKLRLENE
M0271,T023877_1.02,RHPDKIQRRLAQNREAARKSRLRKKAYVQQLETSRLKLIHLEQELDRARQQ
M0278,T024212_1.02,KKLSSKERRQLRNKVSARAFRSRRKEYIGQLENEVAQKTNEAHELRQQNRALCDENARLTDLVR
M0279,T024230_1.02,IKELKQQKRLLRNRQAALDSRQRKKLHTEKLEEEKKHFTQAINELEEELQNMRLREAELLREKE
M0277,T024208_1.02,SEPTSKRKAQNRAAQRAFRERKEKHLKDLEAKVEELQKASDSANQENGLLKAQVERLQVELR
M0280,T024234_1.02,KRPLSTSKRAAQNRAAQRAFRQRKESYIRKLEEQVKEYEVMSQEYKALQAENYQLREYVINLQSRLL
M0326,T027587_1.02,HYWERRRRNNDASRRSREKRRQNDLAMEEKIMLLSAENERLKSQLGTT
M0342,T028059_1.02,KTPEKKERKKAQNRLAATRYREKKRREKEEAMTCIEGLSVTNGKLKDQVSELEREIRYFKKFM
M0325,T027136_1.02,TSEQNRKIRNRMYAQASRMRKKEADEHMKMNLQELLQENEILRTENAALKQRLAFFEH
M0358,T028113_1.02,KKDSAYFERRRKNNDAAKRSRDARRQKEEQIASKAHALERENMQLRGKVSSLEQEAAQLRFL
M0281,T024492_1.02,AEPTYKLKRARNNDAVRKSRKKAKELQDKKEAEHDKMKRRIAELEGLLQSERDARRRDQDTLEQLLR
M0323,T027131_1.02,KDVAYWERRRKNNDAAKRSRDQRRMKEDEMAHRATSLERENMLLRVELDQLRAETDKLRALI
M0324,T027133_1.02,KRSPKYLEKRMKNNEAAKKSRASRKHREQKNQTENELLKRKNAALEEELKQAKCELAQMQITIR
M0339,T027926_1.02,QKDEKYSSKREKNNLAVKRCREKKKNEEKYKKEAFENLIRSNLVKDQKIEQLNNLVQSGKQREN
M0345,T028062_1.02,RRGRPQQEIADGQDAHSQKKRHRRLYARQYRAQMRQKVENVKSLHDEKEQLELEVKALRQAVSGLQQENAQKDFLISILQL
M0347,T028086_1.02,DETKLLSRKRQQNKVAAARYRDKQKAKWQDLLDQLEAEEDRNQRLKLQAGHLEKEVAEMRQAF
M0349,T028090_1.02,QKDEAYLDRRRRNNEAARKSRESRKKVDQDNSVRVTYLERENQCLRVYVQQLQLQNESMRQHLL
M0350,T028092_1.02,QQQTRKRGRPTALELLTTRVEELEKENSSLRTFRTA
M0346,T028085_1.02,PEEILRRKRIQNNLAAARYRKRQREARESAESELGDLTRRNDELRDQVSRMEREIDRLKQAVL
M0284,T024497_1.02,ERNVKKQRRLIKNRESAQLSRMRKKIYIEDLEKTISDLTQDNSSLKEEVLYLQGLVKQLAAQNS
M0285,T024499_1.02,ERHQKRQRRLVKNREAAQLFRQRQKAYIQDLEKKVSDLTGTNSEFRARVELLNSENKLIREQLLYLRNFV
M0283,T024496_1.02,EEAKKKKIRQMQNRQSAAQYRERKKEYLEKLETIVDNLESDRNQLLQQTKQLGMLQNEN
M0282,T024495_1.02,EKELKKQRRLVKNREYASQSRSRRKIYVENIETKLQKTNQDCASIKSQLNSVKEENKALKKQLYSLTNTLK
M0288,T024510_1.02,DSPSRKSLKKINQNIASRNYRQKKKDYIKEIEERMLALSIENDKLHKENESLKKIGGAE
M0289,T024513_1.02,GSDTERENKKNRNRVNQNLASRNYRQRKKEYIKEIEEKLAVLALENDQLKKENINLKKG
M0304,T025942_1.02,KNSNEYRVRRERNNIAVRKSRDKAKQRNVETQQKVLELTSDNDRLRKRVEQLSRELDTLRGIF
M0274,T023888_1.02,EYRQRRERNNIAVRKSRDKAKRRNQEMQQKLVELSAENEKLHQRVEQLTRDLAGLRQF
M0310,T025966_1.02,KDSLEYRLRRERNNIAVRKSRDKAKRRIMETQQKVLEYMAENERLRNRVDQLTQELDTLRNLF
M0305,T025946_1.02,EKALKKIRRKIKNKISAQESRRKKKEYMDSLEKKVESCSTENLELRKKVEVLENTNRTLLQQLQKLQTLV
M0296,T025923_1.02,EEEERRRVRRERNKLAAAKCRNRRKELTDFLQAETDKLEDEKSGLQREIEELQKQKERLELVLE
M0301,T025935_1.02,EEEEKRRIRRERNKLAAAKCRNRRRELTEKLQAETEELEEEKSGLQKEIAELQKEKEKLEFM
M0312,T025968_1.02,QERIKVERKRLRNRLAATKCRKRKLERIARLEDKVKTLKAENAGLSSAAGLLREQVAQLKQKVM
M0320,T025981_1.02,QERIKAERKRLRNRIAASKCRKRKLERISRLEEKVKTLKSQNTELASTASLLREQVAQLKQKVL
M0321,T025983_1.02,IRLKQKRRTLKNRGYAQSCRYKRVQQKHHLENEKTQLIQQVEQLKQEVSRLARERDAYKVKCEKLA
M0316,T025973_1.02,KDAMYWEKRRKNNEAAKRSREKRRLNDLVLENKLIALGEENATLKAELLSLKLKFG
M0348,T028087_1.02,KKDTVYWEKRRKNNEAAKRSREKRRLNDVAIEGRLAMLLEENAILRAELQALKLQFGLL
M0330,T027694_1.02,ATSEERKQRNRQAQAAFRERRTEYIKQLEDAIRTHEQNLANLQAAHRHAADECLMLRYKNS
M0331,T027701_1.02,AQSRRKAQNRAAQRAFRERKERHVKELENRLQQLEEEAQVTRSENEKLKQDLQKISTENE
M0332,T027702_1.02,RLAAEEDKRKRNTAASARFRIKKKQREQALEKSAKEMSEKVTQLEGRIQALETENKWLKGLVT
M0333,T027704_1.02,DPSDVVAMKRARNTLAARKSRERKAQRLEELEAKIEELIAERDRWKNLALAHGASTE
M0334,T027705_1.02,SDLAERRRIQNRIAQRNYRKKLKKRLEDLERRAGTS
M0335,T027708_1.02,KRELSQSKRAAQNRAAQRAFRQRKEGYIKKLEQQVRDYSEMEMSFKALQNENFALRDYILHLQNRLID
M0336,T027709_1.02,KPAVNDRRKLQNRIAQRRFRQKKAMEARAASLQAE
M0337,T027713_1.02,DIMIKRQRNNIAAKKYRQKKIDRIQELEEEVDQIKKEREELRLMLAKRDAEVGMLREML
M0338,T027714_1.02,TSAQRRQLRNKVSARNFRARKKDYINDLEEKCKEQHRTILQLEANMRAQITDNERCKALIVEL
M0361,T030341_1.02,EKERKRLKRLLRNRVSAQQARERKKAYLSSLEQQEDEKEH
M0362,T030342_1.02,ETEEERRKRLDRNRESAQNSRARKKEYVSDLEKRARALEQQNMELQTMVINLTNENHALRVNLQ
M0363,T030343_1.02,EETTKKIRRKESNRESARRSRLRKQAEAADIGAQLEALREENAKLKEENQKLREELGR
M0364,T030355_1.02,EKTLRAQERLFRNRESAARSREKRLGALRALEDENAQLKGELTRLKNKLAKYERANP
M0365,T030655_1.02,EKLVRMYRRKIANRESAKRSKIRKKAEDAKLLSAAETLLQDAATMRKTITTLQKKVDTLYAEN
M0366,T030758_1.02,TNDLRRQRRMLSNRESARRSRRRKLEHVATLESKIARLQADWQATL
M0367,T030931_1.02,NMDPVQQKLAKNRESAKNSRARKKIYYELLETKVKELQDELDKVKESNRNQTKYTEICNKFQ
M0359,T028328_1.02,GDIKRVKRMLSNRESARRSRRRKQAHLSELEMQVAQLRVENTNLLQRLQDISQKFQEAAIDNR
M0360,T029256_1.02,RTLSPEEIRKLKNRVAAKRARGRAQQRTTDLENTVCELWKRVQYLERVIKLLHPNEPM
M0357,T028109_1.02,GKPLRNTKRAAQNRSAQKAFRQRREKYIKNLEEKSKLFDGLMKENSELKKMIESLKSKLK
M0355,T028099_1.02,TTAWKRARLLERNRIAASKCRQRKKVAQLQLQKEFNEIKDENRILLKKLNYYEKLISKFKKFSK
M0352,T028095_1.02,ESSDPAALKRARNTEAARRSRARKLQRMKQLEDKVEELLSKNYHLENEVARLKKLVGE
M0353,T028097_1.02,EKEQRRIERILRNRRAAHQSREKKRLHLQYLERKCSLLENLLNSVNLEKLADHEDALTC
M0356,T028104_1.02,PETKQKRTAQNRAAQRAFRERKERKMKELEKKVQSLESIQQQNEVEATFLRDQLITLVNELKKYRPE
M0354,T028098_1.02,PDDSKAKKKAQNRAAQKAFRERKEARMKELQDKLLESERNRQSLLKEIEELRKANTEINAENR
M0351,T028093_1.02,GKTLRNTRRAAQNRTAQKAFRQRKEKYIKNLEQKSKIFDDLLAENNNFKSLNDSLRNDNNILIAQHE
M0341,T028055_1.02,RTAAEEDKRRRNTAASARFRIKKKLKEQQLERTAKELTEKVAILETRVRELEMENNWLKGLIR
M0322,T027080_1.02,QERIKAERKRLRNRIAASKCRKRKLERISRLEEKVKSLKTQNTELASTANLLREQVAQLKQKVM
