M1091,T100374_1.01,KRVRLSDEERNILESQYSKNNFPSPEIRDELAKKIGKTPRQVQIWFQNKRCKDRK
M1073,T100354_1.01,RRPRTAFSGTQIEVLESVFRVNPYPGIDVREELACKLELDEDRIQIWFQNRRAKLKR
M1084,T100367_1.01,NKKRFTFTQRQLVELEKEFHFSKYLTRTRRIEIASNLDLTETQIKIWFQNRRMKWKR
M0753,T090068_1.01,TRMRTSFDPEMELPKLQRWFQENPHPSRQQIQSYVVQLNSLESRRGRKPLDVNNVVYWFKNARAAQKR
M0754,T090143_1.01,KRNRTFIDPVTEVPKLEQWFSMNTHPSHNLILKYTEDLNRMPYRQKFPRLESKNVQFWFKNRRAKCKR
M0765,T090231_1.01,SNNQKRFSEEQIKSLELIFESETRLEPRKKVQVARELGLQPRQVAIWFQNKRARWKT
M0761,T090219_1.01,SRKKLRLSKDQALVLEETFKEHSTLNPKQKLALAKQLNLRARQVEVWFQNRRARTKL
M0770,T090250_1.01,SEKKRRLKVDQVKALEKNFELENKLEPERKTKLAQELGLQPRQVAVWFQNRRARWKT
M0760,T090218_1.01,KKKKMTSEQLKFLERSFQEEIKLNPDRKMKLNPDRKMKLSKELGLQPRQIAVWFQNRKARWKN
M0759,T090209_1.01,SEKKRRLSINQVKALEKNFELENKLEPERKVKLAQELGLQPRQVAVWFQNRRARWKT
M0769,T090246_1.01,ARQRWTPTPVQLQILERIFDQGTGTPSKQKIKDITEELSQHGQIAEQNVYNWFQNRRARSKR
M0758,T090200_1.01,KKRYHRHTAQQIQRLESSFKECPHPDEKQRNQLSRELGLAPRQIKFWFQNRRTQLKA
M0767,T090238_1.01,CRKKLRLSKDQSAVLEDTFKEHNTLNPKQKLALAKKLGLTARQVEVWFQNRRARTKL
M0763,T090228_1.01,CKQTDPKTQRLYISFQENQYPDKATKESLAKELQMTVKQVNNWFKHRRWSI
M0757,T090192_1.01,KPKRQMKTPFQLETLEKVYSEEKYPSEATRAELSEKLDLSDRQLQMWFCHRRLKDKK
M1083,T100366_1.01,DKYRVVYTDHQRLELEKEFHYNKYITIRRKSELATVLGLSERQVKIWFQNRRAKDRK
M0775,T090501_1.01,SRPRLTKEQVETLEAQFQAHPKPSSNVKRQLAQQTHLSLPRVANWFQNRRAKAKQ
M0776,T090507_1.01,RKSRRFSTTAVSIMQSWLAQHQDYPYPTEQEKEQLGRETGLDVTQISNWFTNARRRR
M0777,T090517_1.01,KTYQRLPPQAVKVLRAWLYQHREYPYPTDREKEELAEQTGLDKTQISNWFSNTRRRKL
M0778,T090518_1.01,RQKRRRTSPEDHAILEAEYQRNPKPDKAARADIVSRVSLGEKEVQIWFQNRRQNDRR
M0779,T090525_1.01,KKGRQTYQRFQTSVLEAKFQQSSYVSKKQREELRLQTQLTDRQIKIWFQNRRMKAKK
M1035,T100194_1.01,RKVPKVFSKEAITKFRAWLFQNLAHPYPSEEQKKQLAKETGLTILQVNNWFINARRRI
M0780,T090547_1.01,RRFRTNFTEHQSLFLEDSFKESHYPDHKAKRHMADFLNIPEDRITVWFQNRRAKWRR
M0781,T090551_1.01,MKKRNATREATAPLKDWLHAHRKNPYPSKNDKLMLAVGTGMTLTQVSTWFANARRRLKK
M0997,T098463_1.01,RKRRVLFSQAQVYELERRFKQAKYLTAPEREQLANSIRLTPTQVKIWFQNHRYKCKR
M0772,T090455_1.01,KRPRTVFTDEQLEKLEESFNTSGYLSGSTRAKLAESLGLSDNQVKVWFQNRRTKQKK
M1051,T100216_1.01,KRVRTTFAEDQLSVLQTYFNRDSNPDGADLEKIASMTGLSKRVTQVWFQNSRARQKK
M1020,T099783_1.01,KGGQIRFTNEQTDALEHKFDSHKYLSPQERKKLAKSLSLSERQVKTWFQNRRAKWRR
M1028,T100076_1.01,RRKRTTFSPEQATRLEAEYIGDSYMAREKRHLLAQSLKLSENQVKTWFQNRRAKDKR
M1031,T100177_1.01,KRNRITFDANQIDEMEKVFAENQYPDTMSREKLANKIQLHEERVQIWFQNRRAKYRR
M1019,T099782_1.01,RRYRTAFSREQIGRLEREFAKENYVSRKTRGELAAELNLPEGTIKVWFQNRRMKDKR
M1050,T100212_1.01,KRFRTHLTPMQVQMMKSVFNEYKTPSMAECELLGKEVGLHKRVVQVWFQNARAKERK
M0745,T089431_1.01,KRIRATGEALEFLISEFETNPNPSPERRKFISDKAQMNEKAVRIWFQNRRAKQRK
M1124,T102983_1.01,VKKRANLPKETVKILNEWLYDHINNPYPTPQEKMELSLKTGLTKIQLSNWFINVRRRK
M0789,T091714_1.01,RRRRRPYTKYQLSELEREFGANEFISREMREQIAVRVGLNDRQVKIWFQNRRMKKKR
M0790,T091719_1.01,KRTRAAFTQAQVSALEQRFIQQKYLTGNERTEFAHALQLTETQIKIWFQNRRYKTKR
M0792,T091749_1.01,RRSRTTFDPHQINELEKVFRTTHYPDIGTRDKLAAQINLPEARIQIWFQNRRAKWRK
M0791,T091738_1.01,SRGRTTYSVDQITELEKLFTRNAYPTPQSRQELARNIRVPEGKVKIWFQNRRARAKK
M0738,T089187_1.01,KLSNWSKDAVEVLKKWLKQNCRHPYPTKQEKAELAEQTELTVTQVSTWFANARRRGRH
M1076,T100357_1.01,GKPRFNNESIPLLETYFEHNAYPSAQDRALLARKSRMCPRQIEVWFQNHRRRAKK
M1075,T100356_1.01,PKKPAFNSEYTPVLEQYFEYNAYPSVRDRELLARKSSMTPRQIEVWFQNHRRRARK
M0746,T089479_1.01,PSKKQAFNVHYIPVLEKYFEYNAYPTAQDRALLARKSMMSARQIEVWFQNHRRRARK
M0747,T089480_1.01,EVKRTPFNSEYTPLLEKYFEYNAYPSARDREWLARKTMMSVRQIEVWFQNHRRRARK
M1088,T100371_1.01,ESKRTPFNAEYTPLLEKYFEYNAYPSVRDRERLARKSMMTPRQIEVWFQNHRSRAKK
M0749,T089482_1.01,KSPRKRTNDVQLAMLSDVFQRTQYPSTEERDELARQLGMTSRSVQIWFQNRRRAVK
M0748,T089481_1.01,KLPRFKPTKEQLEILIKSYEENKTPDGPTREALAKKLGPDVRPKTLQIWFQNRRSKSRA
M1071,T100352_1.01,SGRTNFTTKQLTELEKEFHYNKYLTRARRIEIATALQLNETQVKIWFQNRRMKQKK
M0794,T092296_1.01,RRARANYSSWQLEELEKTFQSTHYPDIFMREALALRLDLIEARVQVWFQNRRAKMRR
M0795,T092334_1.01,GRIRTVFTDNQTEQLERLFAVTDYPTVETRAELAQNTGLSEETVRVWFKNRRARRKR
M0796,T092393_1.01,RKKRVPYTKFQLKELEREYNTTKFITKENRRRIASSTNLSERQVTIWFQNRRVKDKK
M0788,T091072_1.01,KKKRQRTSPEQLAILEQIFETDKMPSQQIRVRLANQLGMSSRRVQIWFQNKRAKVKR
M0785,T091067_1.01,KKRRTRLKKEQADILKTFFDNDDYPTKDDKETLANRLGMSYCAVTTWFSNKRQEKKR
M0782,T091064_1.01,PKKGAKLSKESKDILENWIKNHIAHPYPTNDEKEQLQRQTGLTPNQISNWFINTRRRK
M0783,T091065_1.01,SRRKNRFTDFQIKRMNDCFENLDKNNNGKFTSEEICQIATELGLTDQQVRVFFQNKRARSRP
M0784,T091066_1.01,SRRKNRFTDFQIKRMNDCFENLDKNNNGKFTSEEICQIATELGLTDQQVRVFFQNKRARSRP
M0786,T091069_1.01,RSSGISTKKLEDFFSINQYPNKNEIKDFANYYQCDETKIKNWFKGKRDRLKK
M0787,T091071_1.01,RKKRGKLPGEATSILKKWLFEHNMHPYPTEEEKVALANSTFLSFNQINNWFTNARRRI
M1089,T100372_1.01,DKYRQVYTEQQKLELEKEFLTQKYVNARRKSEMARALQLTERQVKIWFQNRRAKERK
M1005,T098498_1.01,KRSRAAFSHAQVFELERRFAQQRYLSGPERSEMAKSLRLTETQVKIWFQNRRYKTKR
M1012,T098561_1.01,RLPRIPFTPQQLQALENAYKESNYLSAEDANKLADSLELTNTRVKIWFQNRRARERR
M1016,T099468_1.01,MRRAVFSDSQRKGLEKRFQQQKYISKPDRKKLAERLGLKDSQVKIWFQNRRMKWRN
M1000,T098477_1.01,KRIRTAFSPSQLLKLEHAFESNQYVVGAERKALAQNLNLSETQVKVWFQNRRTKHKR
M1001,T098479_1.01,RRYRTAFTRDQLGRLEKEFYKENYVSRPRRCELAAQLNLPESTIKVWFQNRRMKDKR
M1014,T098577_1.01,RKPRQAYSASQLERLENEFNLDKYLSVSKRVELSKSLSLTEVQVKTWFQNRRTKWKK
M1010,T098544_1.01,EQKTHCFKERTRSLLREWYLQDPYPNPTKKRELAKATGLNPTQVGNWFKNRRQRDRA
M1003,T098490_1.01,TSYCFKEKSRSVLRDWYSHNPYPSPREKRDLAEATGLTTTQVSNWFKNRRQRDRA
M1011,T098551_1.01,RHGRTIFTSSQLEELEKAFKEAHYPDVSARELLSMKTGLAEDRIQVWYQNRRAKWRK
M1013,T098576_1.01,RHSRTIFTSYQLEKLEEAFKEAHYPDVYAREMLSLKTELPEDRIQVWFQNRRAKWRK
M1062,T100341_1.01,RRERTIYTPEQLEAMEEVFGVNRYPDVSMREELASRLGINESKIQVWFKNRRAKLRN
M1077,T100358_1.01,KRKRTSYSRRQIFELENEFNRSRYITREKRIELSMILNLTERQVKTWFQNRRMKTKK
M1078,T100359_1.01,CKKRVCFTQKQIVELEKEFHYNRYLTRARRVEIAQLLKLTEAQIKIWFQNRRMKQKR
M1052,T100228_1.01,VKHRKRTTKAQLKVLEETFETNIRPDANMRKKLGEQLGMTPRSVQVWFQNRRAKIKK
M1053,T100229_1.01,KRSRIQLHDWQSMLLEHSFRMNPYPDRIEKYNLFLKTKIPMKNVKIWFQNRRAREKS
M1054,T100234_1.01,KSRRFPKFITEALERSFEIDQYPSEAEKARLAKICKLSTKQINNWFTNKRNRTKG
M0739,T089310_1.01,KRKRTVAKDKMILEEAYSSNPKPDKQARLDIVQRVSLNEKEVQIWFQNRRQNDRR
M0740,T089315_1.01,KVGHRFTLEALRSLKEWFSTHINNPYPTEEEKTILEHQTGLSRTQITNWLANARRRR
M0741,T089316_1.01,RKTRVLRNWYLSNLDHPYPSEEEKVGLAQQSGLSRSQVVNWFANSRRRHRL
M0742,T089318_1.01,GNRFSSESVKILRNWFAAHERHPYPSIQDVQDLQEQTGLNRQQVTNWFANARRRVKV
M0743,T089319_1.01,GRFTRESVRILKNWLATHQNHPYPREPDRKMLQEETGLTKTQISNWLANARRRGKI
M0744,T089320_1.01,ARFSRESVRILKNWLSTHNRHPYPSDEEKEMLQRQTGLNKVQITNWLANARRRGKV
M1066,T100345_1.01,RRKRKPYTKQQIAELENEFLANEFINRQKRKELSDRLNLSDQQVKIWFQNRRMKKKR
M0811,T093426_1.01,KSRNFPREVREKLHNFAVGVNTNPSKAERENLALETSLTPEQVYNWFANYRRRQRA
M0802,T093306_1.01,KRIRTAFSPSQLLRLERAFEKNHYVVGAERKQLAGSLSLSETQVKVWFQNRRTKYKR
M0797,T093244_1.01,RRLRTAYTNTQLLELEKEFHFNKYLCRPRRVEIAALLDLTERQVKVWFQNRRMKHKR
M0807,T093331_1.01,RKKRIPYSKGQLRELEREYAANKFITKDKRRKISAATSLSERQITIWFQNRRVKEKK
M0804,T093313_1.01,RKSRTAFTNHQIYELEKRFLYQKYLSPADRDQIAQQLGLTNAQVITWFQNRRAKLKR
M0801,T093267_1.01,KKPRTSFSRSQVLELERRFLRQKYLASAERAALAKALRMTDAQVKTWFQNRRTKWRR
M0806,T093326_1.01,PRVRTAFTMEQVRTLEGVFQHHQYLSPLERKRLAREMQLSEVQIKTWFQNRRMKHKR
M0805,T093316_1.01,RSSRTRFTDYQLRVLQDFFDANAYPKDDEFEQLSNLLNLPTRVIVVWFQNARQKARK
M1068,T100349_1.01,RGHRFTKENVHTLEAWYSNHIDNPYLDPKSLQSLAQKTNLSKIQIKNWVSNRRRKQKH
M1125,T103124_1.01,KSKRTRATGEALEILKREFQLNPSPNAQNRKRISEMTGLPEKNVRIWFQNRRSKYRK
M1090,T100373_1.01,RKPYTRYQTMVLENEFLNNAYITRQKRWEISCKLHLSERQVKVWFQNRRMKRKK
M1081,T100364_1.01,EHTRFTPGQLQELESIFQRNQYPNGPVRKEIARQMGVTEARVQVWFKNRRARWRR
M1122,T102565_1.01,KRPCFRFSHEAVEKLRQVFAENELPPKSVKDALSKELGLDAAKVNKWFKNARYMALK
M0752,T090007_1.01,RRPRTRLTSLQLRILGQAFERNPRPGFATREELARDTGLPEDTIHIWFQNRRARRRH
M0947,T095228_1.01,RRSRTHFTKFQTDILIEAFEKNRFPGIVTREKLAQQTGIPESRIHIWFQNRRARH
M0975,T095269_1.01,KRVRTTFNLQQLQELEKVFAKQHNLVGKERAQLAARLHLTENQVRIWFQNRRVKYQK
M0956,T095237_1.01,PRKAYRFTPGQLWELQAVFVENQYPDALKRKELAGLLNVDEQKIKDWFNNKRAKYRK
M0816,T095069_1.01,RRKRTTFSVGQLVELERVFAARPYPDISTREHLAQVTHLPEAKIQVWFQNRRAKRIK
M1113,T102338_1.01,QITRTRFTPYQTQVLNETFSSSAYIDASTCGQLARLLGISSRSIQTWFKNKRYKLRI
M1105,T101505_1.01,KRYRTSYTNRQLLELEKEFHYNKYLCGTRRRELANAMKLTERQVKVWFQNRRIKLKK
M1112,T102337_1.01,KRKRTAYTRKQLLELEKEFHFNHFLTKERRSEMASQLNLTERQVKIWFQNRRMKWKK
M1092,T100925_1.01,RRVRTSFADWQLCALESAFAQTHYPPIYERDQLAGYTGLPEERIQIWFKNRRAKHRR
M1101,T101397_1.01,RKPRTCFTNRQIIELERRFMYQKYLSPSDRDDIAMALGLPGAQIITWFQNRRAKMRR
M1107,T102188_1.01,KRARTFISNDQLAFLKVAYASSPKTTLRDRERIAKETGLDMRVVQVWFQNRRAKDKR
M1095,T101077_1.01,RNPRIPFSASQLAALEAKFLDTHYLSSVEVRDLSSSLSVTEHRVKIWFQNRRAREKK
M1109,T102334_1.01,TTTRSFFTEHQVACLQRVFANRRYVCSSERQKLAKELNMTDQQVKTWFQNRRMKVKR
M1104,T101501_1.01,RRKLFTDTQLESLNTAFARQKYLSSKEQGELATTLGLTSKQIKTWFQNKRYKSRQ
M1094,T101067_1.01,PKLRPLFSKTQLSRLEKEFEEKRYLTETKRAELSKDLEMTETQVKTWFQNRRTKWRK
M1097,T101105_1.01,PRPRPVFSHFQRQHLENYFLSKKYLNKTERLKIAEALGLSENQVKIWFQNRRVKWR
M1111,T102336_1.01,TKLRPLFSKTQLSRLEKEFSGNKYLTESKREQLSKDLGMTETQVKTWFQNRRTKWRK
M1099,T101139_1.01,QKQRPLFGQKQIQRLEEEFVCEKYISKSRRSALAAEIDLTDAQVRTWFQNRRTRWRK
M1110,T102335_1.01,KPRRSFFSADQVNQLERVFAAHQYVSAKERAEIAETLNMTDDQVKNWFQNRRMKRKR
M1098,T101108_1.01,RRGRTVFSAQQLQVLERVFAGSQYIVGSQRKFLASQLRLSETQVRVWFQNRRIKWRK
M1106,T102018_1.01,RRKRTIFTSEQLRRLEEEFDKHQYLVGTERQNLAKSLNLSETQVKIWFQNRRIKWRK
M1093,T100948_1.01,KPRRSFFSADQVNQLERVFTAQQYVSAKERAEIAETFNMTDDQVKNWFQNRRMKRKR
M1096,T101092_1.01,RRNRTKFTAYQLEQLEDAYQKAKYPDVQARETLAQRLGVAESRVQVWFSNRRSKGKR
M1108,T102333_1.01,RRCRTVFSTEQLAILEEGFQKQHFPDNKLRQAIATRAGLPEDRVQVWFQNRRAKEKR
M1100,T101150_1.01,PRNRKNFTGDQLRDLERLFEQTHYPDAMTREGLAKKLGLSEARVQIWFQNRRAKSRR
M1021,T099785_1.01,EPKPRLAKDEVELLEREFAKNPKPNTSLKRELAEQMGVEVPRINNWFQNRRAKEKQ
M1023,T099786_1.01,KGKRKRTTAKDKAILEAAYNANPKPDKAARQDIVNRVSLNEKEVQIWFQNRRQNDRR
M1024,T099787_1.01,NQKRQRATQDQLTTLEMEFNKNPTPTATVRERIAEEINMTERSVQIWFQNRRAKIKL
M1057,T100265_1.01,LPRQATDTLRGWLFQHLVHPYPSEDEKRNLAQQTGLTLLQVNNWFINARRRIL
M1058,T100277_1.01,KRPRTILTTEQRKKFKAYFDSGGEKPSRKIREKLAAETGLTARVVQVWFQNQRAKKKK
M1059,T100284_1.01,NGHRKNATRENTAPLKKWLEEHMRNPYPTKAEKITLAIISSMSLTQVSTWFANARRRLKK
M1060,T100288_1.01,RRMRTLISPEQAEILYQEYLKDNCPPRHRLEDIAQSTGLKRRVVQVWFQNTRARERK
M1061,T100289_1.01,RRSRTNFTMEQIHALESLFEQTHYPDAFMREELSQNLGLSEARVQVWFQNRRAKSRK
M1018,T099769_1.01,RKKRFSEEQIKSLESMFATQTKLEPRQKLQLARELGLQPRQVAIWFQNKRARWKS
M1026,T100068_1.01,KRFRTKFTAEQKERMREFAHRVGWRIHKPDAAAVDAFCAQVGVSRRVLKVWMHNNKHLAKT
M0984,T095964_1.01,EQKTHCFKERTRGLLREWYLQDPYPNPGKKRELAHATGLTPTQVGNWFKNRRQRDRA
M1074,T100355_1.01,STSKTLHGEHATQRLLQSFKENQYPQRAVKESLAAELALSVRQVSNWFNNRRWSFRH
M1119,T102477_1.01,QSRIPLEARQILEDEFAANPYPCSWEIDIIAHQANLDVKKVRNWFNNTRARKKG
M1120,T102482_1.01,AKRRTVISSSNKRILEEQFALDSYPSDSEIRLLSHRTDLSGKAIKTWFSNTRSRRLK
M1121,T102498_1.01,KRFRLTHNQTRFLMSEFARQAHPDAAHRERLAREIPGLSPRQVQVWFQNRRAKLKR
M1102,T101403_1.01,EKKRRLSLEQVRSLERNFEVENKLEPERKMQLAKELGLQPRQVAVWFQNRRARWKT
M1103,T101463_1.01,TRRGTLHPEAKNVLKAWMFSPEHFAHPYPSEEEKEELANEAGIEVKQLSNWFTNARKRLW
M1069,T100350_1.01,RSKRFPKTAQMELENWYTENEDNPYLSKRDLQQLVHKTGLCAPQVRNWVSNRRRKERT
M1082,T100365_1.01,KRTRTTFSSAQVYELEKKFQRSQYLSAVDRLNLAAALSMSDVQVKRWFQNRRCKERH
M1079,T100362_1.01,PAAKTSFNADFVPFLEKYFEFNAYPSAADRSLMARKSMMTPRQIEVWFQNHRNRARK
M1085,T100368_1.01,RRKRSCFDAKQVKAMEKEFSQKKYISYEERIKLSETLQLDESQIKIWFQNRRAKGKK
M0985,T096906_1.01,SRNRHRFTEFQLQELERIFERNHYPSAAARRELARWIGVTESRVENWFKSRRAKYRK
M1037,T100204_1.01,YRGHRFTKENVRILESWFAKNIENPYLDTKGLENLMKNTSLSRIQIKNWVSNRRRKEKT
M1040,T100207_1.01,RPKRTRAKGEALDVLKRKFEINPTPSLVERKKISDLIGMPEKNVRIWFQNRRAKLRK
M1044,T100209_1.01,HGKRSNLPKATVSILNKWLHEHVNNPYPTVQEKRELLAKTGLTKLQISNWFINARRRK
M1043,T100208_1.01,RRKRRRTSSYELGILQTAFDECPTPNKAKRIELSEQCNMSEKSVQIWFQNKRQAAKK
M1087,T100370_1.01,HGTRTAFTRTQLSRLEKEFTKESYISRTRRVELANELCLPENTIKVWFQNRRMKSKR
M1127,T103606_1.01,RKTRTTFSNCQLNELENNFNRQRYLTPTDRDRIAKHLGLTNTQVITWFQNRRAKLKR
M1029,T100175_1.01,KKQRLTADQLAYLLREFSKDTNPPPAIREKIGRELNIPERSVTIWFQNRRAKSKL
M1030,T100176_1.01,KKRRRRTTDAEATLLEQYFLKTPKPSLIERQELSKKLKSSMTPRELQIWFQNKRQSLRR
M1086,T100369_1.01,RKRRQTYSRQQTAELEREYVSNRYLTRRRRIEISQHLDLSERQIKIWFQNRRMKERR
M1126,T103404_1.01,KRTRTAYTRGQLLELEKEFHFNKYISRPRRIELAAMLNLTERHIKIWFQNRRMKWKK
M1123,T102763_1.01,KRKRKNNDQLKILKIEYQKGGFWGKEKILEVAQITGLSESQVYKWCWDQKKKR
M0988,T097594_1.01,RKARTAFSEQQLWRLERSFQRQKYLSVQERLALAAALQLSDTQVKTWYQNRRTKWKR
M0989,T097599_1.01,RRSRTVFTELQLMGLEKRFEKQKYLSTPDRIDLAESLGLSQLQVKTWYQNRRMKWKK
M0990,T097612_1.01,KRFRTQMSNLQLKVLKACFSDYRTPTMQECEILGNEIGLPKRVVQVWFQNARAKEKK
M0991,T097718_1.01,RRKRTSFSKDHVELLRATFETDPYPGISLRESLSQATGLPESRIQVWFQNRRARTLK
M0992,T097737_1.01,RRKRRNFNKQATEVLNEYFYSHLSNPYPSEEAKEELAKKCGITVSQVSNWFGNKRIRYKK
M1027,T100070_1.01,RRKRTTFSKAQLTELEKAFSITQYPDIKIKESLASRTGLPESTIQVWFQNRRARYFK
M0993,T097738_1.01,RRTRTNFTGWQLEELEKAFNESHYPDVFMREALALRLDLIESRVQVWFQNRRAKWRK
M0987,T097571_1.01,RSSRTRFTEKQLETLQGVFEATPYPREEEYDRLSALLSLPNRVIVVWFQNARQRARK
M0986,T097559_1.01,KPKKSKEQLAELKASYSRRQFASEEEISRLMQVTQLSKRAIKKWFSDTRYNQRN
M1055,T100262_1.01,PKKTKKVSKYAKQVLSEWFLAHVDNPYANRDERHKISVATGLTDHQIKVWLTNARIRKRS
M1056,T100263_1.01,RKKRFSKSAKQILNDWFENNIKNPYPSKEELAQLTKETGLSLKQLHTYFINKRVRCKQ
M1080,T100363_1.01,RKNRYNFTPEQTDLLEQLFEKTPYPDATTREEIAKKTNLSEARVQVWFSNRRAKMRK
M0750,T089599_1.01,RGHDSEAVRILEQAFKHSPNITPAEKFRLSEVTGLKPKQVTIWFQNRRNRKGK
M0751,T089600_1.01,RKKRNKCTPEQLHSLEAFFEKNRNPTGRIRLELSRKLRMPERSVQVWFQNRRAKVKT
M1129,T104230_1.01,RRKRTFFTQAQLDILEQFFQTNMYPDIHHREELARHIYIPESRIQVWFQNRRAKVRR
M1128,T104217_1.01,RHLRTAFTPQQISKLEQAFNKQRYLGASERKKLATSLRLSEIQVKTWFQNRRMKLKR
M0994,T098379_1.01,KKSRTLYSMDQLQELERLFAEDHYPDSEKRREIAEIIGVTPQRIMVWFQNRRAKWRK
M1033,T100190_1.01,SRARTKFTAEQLEELEKSFKENRYIGSSEKRRLSKVLKLSENQIKTWFQNRRMKFKR
M1117,T102403_1.01,KKGKLPKDARTVLLEWWNTHYRWPYPTEEDKVRLAAMTGLDPKQINNWFINQRKRHWK
M1118,T102436_1.01,RKKKGKLPKEARQKLLHWWELHYKWPYPSETEKMALAETTGLDPKQINNWFINQRKRHWK
