1,T010906_2.00,EVFCSVPGRLSLLSSTSKYKVTVAEVQRRLSPPECLNASLLGGVLRRAKSKNGGRSLREKLDKIGLNLPAGRRKAANVTLLTSLVEGEAVHLARDFGYVCETEFPAKAVAEFLNRQHSDPNEQVARKNMLLATKQICKEFTDLLAQDRSPLGNSRPNPILEPGIQSCLTHFNLISHGFGSPAVCAAVTALQNYLTEALKAM
3,T010907_2.00,EVFCSVPGRLSLLSSTSKYKVTVGEVQRRLSPPECLNASLLGGVLRRAKSKNGGRSLRERLEKIGLNLPAGRRKAANVTLLTSLVEGEAVHLARDFGYICETEFPAKAVSEYLNRQHTDPSDLHSRKNMLLATKQLCKEFTDLLAQDRTPIGNSRPSPILEPGIQSCLTHFSLITHGFGAPAICAALTALQNYLTEALKGM
6,T010908_2.00,EVFCSVPGRLSLLSSTSKYKVTVAEVQRRLSPPECLNASLLGGVLRRAKSKNGGRSLREKLDKIGLNLPAGRRKAAHVTLLTSLVEGEAVHLARDFAYVCEAEFPSKAVADYLTRPHLGGRNEMATRKSMLLAAQQVCKEFTDLLHQDRTPNGNNRPAQVLEPNIQNCLSHFSLITHGFGSQAICAAVSAVQNYIKEALIAI
9,T010909_2.00,EVFCSVPGRLSLLSSTSKYKVTVGEVQRRLSPPECLNASLLGGVLRRAKSKNGSRCLRERLEKIGLNLPAGRRKAANVTLLTSLVEGEAVHLARDFGYVCETEFPAKAAAEYLCRQHADPGELHSRKSMLLAAKQICKEFADLMAQDRSPLGNSRPALILEPGVQSCLTHFSLITHGFGGPAICAALTAFQNYLLESLKGL
10,T014642_2.00,KRKEFLDDLFSFMQKRGTPVNRIPIMAKQVLDLFMLYVLVTEKGGLVEVINKKLWREITKGLNLPTSITSAAFTLRTQYMKYLYPYE
13,T014641_2.00,ERKEFLDDLFIFMQKRGTPINRIPIMAKQILDLYMLYKLVTEKGGLVEIINKKIWREITKGLNLPTSITSAAFTLRTQYMKYLYAYE
16,T014644_2.00,EEQAFLVSLYKFMKERHTPIERVPHLGFKQINLWKIYKAVEKLGAYELVTGRRLWKNVYDELGGSPGSTSAATCTRRHYERLVLPY
20,T014643_2.00,DEQAFLVALYKYMKERKTPIERIPYLGFKQINLWTMFQAAQKLGGYETITARRQWKHIYDELGGNPGSTSAATCTRRHYERLILPYE
21,T017413_2.00,PRKRGRPRKVVPL
22,T017415_2.00,KRGRGRPRKQQQE
24,T017416_2.00,TRKRGRPPKYNA
25,T017412_2.00,KKKRGRPKKQPLL
26,T035666_2.00,WRRNKMTAYITELSDMVPTCSALARKPDKLTILRMAVSHMKSLR
30,T035667_2.00,SRENHSEIERRRRNKMTQYITELSDMVPTCSALARKPDKLTILRMAVSHMKSMR
31,T035746_2.00,AREAHSQIEKRRRDKMNSFIDELASLVPTCNAMSRKLDKLTVLRMAVQHMKTLR
32,T035664_2.00,ARRNERERNRVKLVNLGFQALRQHVPHGGANKKLSKVETLRSAVEYIRALQ
34,T035754_2.00,RRLAANARERRRMHGLNHAFDQLRNVIPSFNNDKKLSKYETLQMAQIYINALS
35,T035744_2.00,RRLESNERERQRMHKLNNAFQALREVIPHVRADKKLSKIETLTLAKNYIKSLT
36,T035686_2.00,LRLNINARERRRMHDLNDALDELRAVIPYAHSPSVRKLSKIATLLLAKNYILMQ
37,T035702_2.00,KLPHRLIEKKRRDRINECIAQLKDLLPEHLKLTTLGHLEKAVVLELTLKHVKALT
39,T035703_2.00,KLPHRLIEKKRRDRINECIAQLKDLLPEHLKLTTLGHLEKAVVLELTLKHLKALT
41,T035699_2.00,KRVSRNKSEKKRRDQFNVLIKELGSMLPGNARKMDKSTVLQKSIDFLRKHK
44,T035701_2.00,RRRVANAKERERIKNLNRGFAKLKALVPFLPQSKKPSKVDILKGATEYIQILG
45,T035682_2.00,RKSSKPIMEKRRRARINESLSQLKTLILDALKKDSSRHSKLEKADILEMTVKHLRNLQ
46,T035697_2.00,RKNLKPLLEKRRRARINESLSQLKGLVLPLLGAETSRSSKLEKADILEMTVRFLQEQ
47,T035739_2.00,NRLRKPVVEKMRRDRINSSIEQLKLLLEQEFARHQPNSKLEKADILEMAVSYLKHSK
48,T035683_2.00,KMLKPLVEKRRRDRINRSLEELRLLLLERTRDQNLRNPKLEKAEILEFAVGYLRER
49,T035670_2.00,RKKRRGIIEKRRRDRINNSLSELRRLVPTAFEKQGSAKLEKAEILQMTVDHLKMLQ
50,T035748_2.00,KRAHHNALERKRRDHIKDSFHSLRDSVPSLQGEKASRAQILDKATEYIQYMR
52,T035711_2.00,KKDNHNLIERRRRFNINDRIKELGTLIPKSNDPDMRWNKGTILKASVDYIRKLQ
56,T035668_2.00,RRRAHTQAEQKRRDAIKRGYDDLQTIVPTCQQQDFSIGSQKLSKAIVLQKTIDYIQFLH
60,T035723_2.00,NRQKHISAEQKRRFNIRMGFNTLNSLISNNSKQTSHAITLQKTMEYITKLQ
62,T035654_2.00,TREVHNKLEKNRRAHLKECFETLKRNIPNVDDKKTSNLSVLRTALRYIQSLK
64,T035687_2.00,QRNAANARERARMRVLSKAFSRLKTSLPWVPPDTKLSKLDTLRLASSYIAHLR
65,T035713_2.00,RRKAATLRERRRLKKINEAFEALKRRTVANPNQRLPKVEILRSAISYIERLQ
66,T035742_2.00,RRVKANDRERNRMHNLNAALDALRSVLPSFPDDTKLTKIETLRFAYNYIWALA
67,T035741_2.00,YRSAHATRERIRVEAFNLAFAELRKLLPTLPPDKKLSKIEILRLAICYISYLN
70,T035688_2.00,KRASRNKSEKKRRDQFNVLIKELSSMLPGNTRKMDKTTVLEKVIGFLQKH
72,T035732_2.00,LRLKINGRERKRMHDLNLAMDGLREVMPYAHGPSVRKLSKIATLLLARNYILMLT
73,T035692_2.00,LHSTKEKLRRERIKSCCEQLRTLLPYVKGRKSDVASVIEATVDYVKQVR
74,T035674_2.00,KRTAHNAIEKRYRSSINDKIVELKDLVVGTEAKLNKSAVLRKAIDYIRFLQ
77,T035681_2.00,RRTTHNIIEKRYRSSINDKIIELKDLVMGTDAKMHKSGVLRKAIDYIKYLQ
78,T035706_2.00,RRMANNARERLRVRDINEAFKELGRMCQLHLKSEKPQTKLLILHQAVAVILSLE
85,T035733_2.00,QRNAANARERARMRVLSKAFSRLKTTLPWVPPDTKLSKLDTLRLASSYIAHLR
86,T035673_2.00,RRVANNARERLRVRDINEAFKELGRMCQLHLSSEKPQTKLLILHQAVAVILSLE
97,T035745_2.00,RRMANNARERLRVRDINEAFKELGRMVQLHLKSDKPQTKLLILHQAVAVILSLE
120,T035724_2.00,RRERHNRMERDRRRRIRICCDELNLLVPFCNAETDKATTLQWTTAFLKYIQ
121,T035660_2.00,RREIANSNERRRMQSINAGFQSLKTLIPHTDGEKLSKAAILQQTAEYIFSLE
122,T035653_2.00,KKDNHNLIERRRRFNINDRIKELGTLIPKSNDPEMRWNKGTILKASVDYIRKLQ
129,T035684_2.00,KKDNHNLIERRRRFNINDRIKELGMLIPKANDLDVRWNKGTILKASVDYIRRMQ
134,T035700_2.00,KKDNHNLIERRRRYNINYRIKELGTLIPKSNDPDMRWNKGTILKASVDYIKWLQ
135,T035663_2.00,QRILANVRERQRTQSLNEAFAALRKIIPTLPSDKLSKIQTLKLAARYIDFLY
137,T035690_2.00,RRAQHNEVERRRRDKINNWIVQLSKIIPDCSMESTKSGQSKGGILSKACDYIQELR
140,T035747_2.00,RRAQHNEVERRRRDKINNWIVQLSKIIPDCHADNSKTGASKGGILSKACDYIRELR
145,T060461_2.00,DPQLRREIRLMKNREAARECRRKKKEYVKCLENRVAVLENQNKTLIEELKTLKDLYSHKS
146,T060469_2.00,DPDEKRRKFLERNRAAASRCRQKRKVWVQSLEKKAEDLSSLNGQLQSEVTLLRNEVAQLKQLLL
157,T060466_2.00,EEDERKRRRRERNKIAAAKCRNKKKEKTECLQKESEKLESVNAELKAQIEELKNEKQHLIYM
159,T060486_2.00,EKLDKKLKKMEQNKTAATRYRQKKRAEQEALTGECKELEKKNEALKEKADSLAKEIQYLKDLIE
160,T060507_2.00,FVCSAPGCGQRFTNEDHLAVHKHKH
167,T060479_2.00,YRVRRERNNIAVRKSRDKAKQRNVETQQKVLELTSDNDRLRKRVEQLSRELDTLRGIFR
168,T060498_2.00,DEYKMRRERNNIAVRKSRDKAKMRNLETQHKVLELTAENERLQKKVEQLSRELSTLRNLFK
169,T056962_2.00,YRQRRERNNIAVRKSRDKAKRRNQEMQQKLVELSAENEKLHQRVEQLTRDLAGLRQFFK
170,T060492_2.00,DSLEYRLRRERNNIAVRKSRDKAKRRIMETQQKVLEYMAENERLRNRVDQLTQELDTLRNLFR
171,T060497_2.00,DEYRQRRERNNMAVKKSRLKSKQKAQDTLQRVNQLKEENERLEAKIKLLTKELSVLKDLF
173,T060465_2.00,EAARKREVRLMKNREAARECRRKKKEYVKCLENRVAVLENQNKTLIEELKALKDLYCHKS
178,T060483_2.00,EKALKKIRRKIKNKISAQESRRKKKEYMDSLEKKVESCSTENLELRKKVEVLENTNRTLLQQLQ
179,T060490_2.00,TKSPRKAAAAAARLNRLKKKEYVMGLESRVRGLAAENQELRAENRELGKRVQALQEESR
182,T060502_2.00,EATRKRELRLMKNREAARECRRKKKEYVKCLENRVAVLENQNKTLIEELKALKDLYCHKA
212,T060501_2.00,QKDEKYWSRRYKNNEAAKRSRDARRLKENQISVRAAFLEKENALLRQEVVAVRQELSHYRA
215,T060462_2.00,EEEERRRVRRERNKLAAAKCRNRRKELTDFLQAETDKLEDEKSGLQREIEELQKQKERLELVLE
216,T060473_2.00,EEEEKRRIRRERNKLAAAKCRNRRRELTEKLQAETEELEEEKSGLQKEIAELQKEKEKLEFM
217,T060478_2.00,EEEERRKRRREKNKVAAARCRNKKKERTEFLQRESERLELMNAELKTQIEELKLERQQLILMLN
220,T060493_2.00,QERIKAERKRMRNRIAASKCRKRKLERIARLEEKVKTLKAQNSELASTANMLREQVAQLKQKVM
221,T060494_2.00,QERIKVERKRLRNRLAATKCRKRKLERIARLEDKVKTLKAENAGLSSAAGLLREQVAQLKQKVM
222,T060504_2.00,QERIKAERKRLRNRIAASKCRKRKLERISRLEEKVKTLKSQNTELASTASLLREQVAQLKQKVL
223,T060506_2.00,IRLKQKRRTLKNRGYAQSCRYKRVQQKHHLENEKTQLIQQVEQLKQEVSRLARERDAYKVKCEK
224,T060491_2.00,IQLKQRRRTLKNRGYAASCRVKRVTQKEELEKQKAELQQEVEKLASENASMKLELDALRSKYEALQNF
228,T060457_2.00,VTRLKQRRRTLKNRGYAASCRIKRVTQKEELERQRVELQQEVEKLARENSSMRLELDALRSKYEALQTF
230,T060499_2.00,YWEKRRKNNEAAKRSREKRRLNDLVLENKLIALGEENATLKAELLSLKLKF
231,T060460_2.00,QKDEKYWTRRKKNNVAAKRSRDARRLKENQITIRAAFLEKENTALRTEVAELRKEVGKCKTIVS
233,T060458_2.00,SPEEKALRRKLKNRVAAQTARDRKKARMSELEQQVVDLEEENHKLQLENQLLREKTHGLVVENQ
236,T069477_2.00,YWEKRRKNNEAAKRSREKRRLNDVAIEGRLAMLLEENAILRAELQALKLQFGLL
237,T100968_2.00,"YKCQLCRSAFRYKGNLASHRTVH,*YRCSICGARFNRPANLKTHSRIH,*YKCETCGSRFVQVAHLRAHVLIH,*YPCPTCGTRFRHLQTLKSHVRIH,*YHCDPCGLHFRHKSQLRLHLRQKH"
238,T101184_2.00,"LYCPACDKSFKTEKAMKNHEKSKKH,*ISCATCHSEFPSRNKLFDHLKATGH"
239,T085689_2.00,"YKCEECPRTFKYPCNLSIHQKTH,FFCKECQIGFYQKSELHDHEVIH,FACSTCGRAFRYKTNLQAHERIH,YSCSLCNSSFRQSSTFHRHLRKFH"
240,T101147_2.00,"YACPVESCDRRFSRSDELTRHIRIH,FQCRICMRNFSRSDHLTTHIRTH,FACDICGRKFARSDERKRHTKIH"
242,T101144_2.00,"YPCPAEGCDRRFSRSDELTRHIRIH,FQCRICMRNFSRSDHLTTHIRTH,FACDYCGRKFARSDERKRHTKIH"
245,T101113_2.00,HACPAEGCDRRFSRSDELTRHLRIH
246,T101054_2.00,DCRWDGCSQEFDSQEQLVHHINSEH
247,T101235_2.00,TNCHWADCTKEYDTQEQLVHHINNEH
248,T101021_2.00,TNCHWEGCTREFDTQDQLVHHINNDH
250,T100997_2.00,HRCPTCNKSFSRLENLKIHNRSH
251,T101179_2.00,YVCIPCGKGFPSSEQLNAHVEAH
252,T101456_2.00,HRCDFEGCNKVYTKSSHLKAHRRTH
253,T101059_2.00,HRCQFNGCRKVYTKSSHLKAHQRTH
255,T101167_2.00,HQCDFAGCSKVYTKSSHLKAHRRIH
257,T101114_2.00,HKCPYSGCGKVYGKSSHLKAHYRVH
258,T101078_2.00,YQCTFEGCPRTYSTAGNLRTHQKTH
260,T101092_2.00,RCDVCGKVFSQRSNLLRHQKIH
262,T101234_2.00,FVCKFCGRHFTKSYNLLIHERTH
263,T101029_2.00,FICKFCGRHFTKSYNLLIHERTH
264,T101009_2.00,FRCQKCGKSFVTLEKFTIHNYSH
270,T101176_2.00,FNCKYCNKEYLSLGALKMHIRSH
271,T100972_2.00,HICHIQGCGKVYGKTSHLRAHLRWH
274,T101053_2.00,HVCHIEGCGKVYGKTSHLRAHLRWH
275,T101111_2.00,FRCPNCGQRFETENLVVEHMSS
276,T101256_2.00,FMCPRCGKQFNHSSNLNRHMNVH
277,T101252_2.00,IACQACGKTFSDEGRLRKHEKLH
280,T101455_2.00,TCKTCGKTFSCSYTLRRHATVH
281,T101071_2.00,QECPVCHKIIHGAGKLPRHMRTH
285,T101336_2.00,FTCSECGKGFSQSANLVVHQRIH
286,T101364_2.00,YKCTDCGKSFNHNAHLTVHKRIH
287,T101057_2.00,HHCPLCAKSFTCNSHLIRHLRTH
288,T101033_2.00,HLCALCGKNFSNNSNLIRHQRIH
290,T101166_2.00,HICDHCSAAFRSSYHLRRHVLIH
292,T101183_2.00,HTCKECGKAFNQNSHLIQHMRVH
293,T101102_2.00,YECPECRITLSPSSFLVVHQITH
294,T101174_2.00,LKCTVEGCDRTFVWPAHFKYHLKTH
295,T101353_2.00,YDCQECGKSFRQKGSLTLHERIH
301,T101197_2.00,FICAQCGKTFNNTSNLRTHQRIH
304,T101056_2.00,YPCHICTKKFKSRGFLKRHMKNH
306,T101215_2.00,FICEHCFGAFRSSYHLKRHVLIH
308,T101547_2.00,YPCMICGKKFKSRGFLKRHMKNH
311,T101109_2.00,KSCNKTFSTMHELVTHVTVEH
313,T101372_2.00,KSCNKTFSTMHELVTHVSVEH
314,T101414_2.00,KSCDRTFSTMHELVTHVTMEH
317,T101168_2.00,CSKTFGTMHELVNHVTVEH
318,T101087_2.00,HRCDECGKCFTRSSSLIRHKIIH
322,T101319_2.00,HRCGDCGKFFLQASNFIQHRRIH
324,T101042_2.00,FICTYCGVNFPEMSHLQAHQLQSH
331,T101027_2.00,HPCQECGKVFQRSSHLIRHQKIH
333,T101295_2.00,YKCEECSRMFKHARSLSSHQRTH
334,T076679_2.00,HWGFEETKVFLAILSESPFAEKLRTCHQNSQIYRAIAERLRALGFLRTLEQCRYRFKNLL
335,T167155_2.00,EGEEIDTAEIARQVKEQLIKHNIGQRIFGHYVLGLSQGSVSEILARPKPWNKLTVRGKEPFHKMKQFLSDEQNILALR
340,T168544_2.00,TNQRQNRKCGACAACLRRMDCGRCDFCCDKPKFGGGNQKRQKCRWRQC
341,T169124_2.00,RSPTCARCRNHGVTAHLKGHKRLCLFQACECHKCVLILERRRVMAAQ
342,T172769_2.00,YDTSLGLLTKKFIYLLSESEDGVLDLNWAAEVLDVQKRRIYDITNVLEGIQLIRKKSKNNIQWVG
343,T172768_2.00,YDTSLGLLTKKFIQLLSQSPDGVLDLNKAAEVLKVQKRRIYDITNVLEGIHLIKKKSKNNVQWMG
344,T176535_2.00,HLWEFIRDILLSPDKNPGLIKWEDRSEGIFRFLKSEAVAQLWGKKKNNSSMTYEKLSRAMRYYYKREILERVDGRRLVYKFG
348,T176547_2.00,YLWEFLLDLLQDKNTCPRYIKWTQREKGIFKLVDSKAVSKLWGKHKNKPDMNYETMGRALRYYYQRGILAKVEGQRLVYQFK
354,T176526_2.00,HLWEFIRDILIHPELNEGLMKWENRHEGVFKFLRSEAVAQLWGQKKKNSNMTYEKLSRAMRYYYKREILERVDGRRLVYKFG
356,T176544_2.00,YLWEFLLALLQDRNTCPKYIKWTQREKGIFKLVDSKAVSKLWGKQKNKPDMNYETMGRALRYYYQRGILAKVEGQRLVYQFK
359,T176542_2.00,HLWEFVRDLLLSPEENCGILEWEDREQGIFRVVKSEALAKMWGQRKKNDRMTYEKLSRALRYYYKTGILERVDRRLVYKFG
363,T176534_2.00,TLWQFLLQLLREQGNGHIISWTSRDGGEFKLVDAEEVARLWGLRKNKTNMNYDKLSRALRYYYDKNIIRKVSGQKFVYKFV
364,T176532_2.00,TLWQFLLHLLLDQKHEHLICWTSNDGEFKLLKAEEVAKLWGLRKNKTNMNYDKLSRALRYYYDKNIIKKVIGQKFVYKFV
367,T176541_2.00,TLWQFLLQLLQEPQNEHMICWTSNNGEFKLLQAEEVARLWGIRKNKPNMNYDKLSRALRYYYVKNIIKKVNGQKFVYKFV
370,T176548_2.00,QLWQFLLELLSDSSNSNCITWEGTNGEFKMTDPDEVARRWGERKSKPNMNYDKLSRALRYYYDKNIMTKVHGKRYAYKFD
379,T176545_2.00,QLWQFLLELLTDKSCQSFISWTGDGWEFKLSDPDEVARRWGKRKNKPKMNYEKLSRGLRYYYDKNIIHKTAGKRYVYRFV
382,T176528_2.00,QLWQFLVALLDDPSNSHFIAWTGRGMEFKLIEPEEVARRWGIQKNRPAMNYDKLSRSLRYYYEKGIMQKVAGERYVYKFV
389,T176527_2.00,QLWHFILELLQKEEFRHVIAWQQGEYGEFVIKDPDEVARLWGRRKCKPQMNYDKLSRALRYYYNKRILHKTKGKRFTYKFN
392,T176538_2.00,QLWQFLVALLDDPTNAHFIAWTGRGMEFKLIEPEEVARLWGIQKNRPAMNYDKLSRSLRYYYEKGIMQKVAGERYVYKFV
395,T176536_2.00,QLWQFLVTLLDDPANAHFIAWTGRGMEFKLIEPEEVARRWGIQKNRPAMNYDKLSRSLRYYYEKGIMQKVAGERYVYKFV
397,T176543_2.00,LLWDYVYQLLSDSRYENFIRWEDKESKIFRIVDPNGLARLWGNHKNRTNMTYEKMSRALRHYYKLNIIRKEPGQRLLFRFM
399,T176537_2.00,QLWQFLLELLSDSANASCITWEGTNGEFKMTDPDEVARRWGERKSKPNMNYDKLSRALRYYYDKNIMTKVHGKRYAYKFD
400,T176533_2.00,QLWQFLLELLTDKDARDCISWVGDEGEFKLNQPELVAQKWGQRKNKPTMNYEKLSRALRYYYDGDMICKVQGKRFVYKFV
402,T176540_2.00,HLWQFLKELLLKPHSYGRFIRWLNKEKGIFKIEDSAQVARLWGVRKNRPAMNYDKLSRSIRQYYKKGIIRKPDISQRLVYQFV
405,T176525_2.00,RLYQFLLDLLRSGDMKDSIWWVDKDKGTFQFSSKHKEALAHRWGIQKGNRKKMTYQKMARALRNYGKTGEVKKVKKKLTYQFS
406,T176529_2.00,RLFEYLFESLCNSEMVSCIQWVDKARGIFQFISKNKETLAELWGQRKGNRKPMTYQKMARALRNYARTGEIIKIRRKLTYQFS
408,T177617_2.00,QLWHFILELLQKEEYQGVIAWQGDYGEFVIKDPDEVARLWGIRKCKPHMNYDKLSRALRYYYNKRILHKTKGKRFTYKFN
409,T186353_2.00,KPPYSYISLITMAIQQSPNKMLTLSEIYQWIMDLFPFYRQNQQRWQNSIRHSLSFNDCFLKVPRSPDKPGKGSFWTLHPDSGNMFENGCY
412,T186376_2.00,KPPYSYISLTAMAIQSSPEKMLPLSEIYKFIMDRFPYYRENTQRWQNSLRHNLSFNDCFIKIPRRPDQPGKGSFWALHPSCGDMFENGSF
413,T186368_2.00,KPPYSYIALITMAIQNAPDKKITLNGIYQFIMDRFPFYRDNKQGWQNSIRHNLSLNECFVKVPRDDKKPGKGSYWTLDPDSYNMFENGSF
414,T186364_2.00,KPPYSYIALITMAIQNAPEKKITLNGIYQFIMDRFPFYRENKQGWQNSIRHNLSLNECFVKVPRDDKKPGKGSYWTLDPDSYNMFENGSF
415,T186343_2.00,KPPFSYNALIMMAIRQSPEKRLTLNGIYEFIMKNFPYYRENKQGWQNSIRHNLSLNKCFVKVPRHYDDPGKGNYWMLDPSSDDVFIGGT
417,T186350_2.00,KPPYSYATLICMAMQASKATKITLSAIYKWITDNFCYFRHADPTWQNSIRHNLSLNKCFIKVPREKDEPGKGGFWRIDPQYAERLLSGAF
418,T186342_2.00,KPRYSYATLITYAINSSPAKKMTLSEIYRWICDNFPYYKNAGIGWKNSIRHNLSLNKCFRKVPRPRDDPGKGSYWTIDTCPDISRKR
420,T186347_2.00,KPPYSYASLITFAINSSPKKKMTLSEIYQWICDNFPYYREAGSGWKNSIRHNLSLNKCFLKVPRSKDDPGKGSYWAIDTNPKEDTLPT
425,T186374_2.00,KPPYSYAQLIVQAISSAQDRQLTLSGIYAHITKHYPYYRTADKGWQNSIRHNLSLNRYFIKVPRSQEEPGKGSFWRIDPASEAKLVEQAF
426,T186384_2.00,KPPYSYIALIAMAIQDAPEQRVTLNGIYQFIMDRFPFYHDNRQGWQNSIRHNLSLNECFVKVPREKGRPGKGSYWTLDPRCLDMFENGNY
427,T186340_2.00,RPPYSYMAMIQFAINSTERKRMTLKDIYTWIEDHFPYFKHIAKPGWKNSIRHNLSLHDMFVRETSANGKVSFWTIHPSANRYLTLDQ
429,T186341_2.00,KPIYSYSILIFMALKNSKTGSLPVSEIYNFMTEHFPYFKTAPDGWKNSVRHNLSLNKCFEKVENKSGSSSRKGCLWALNPSKIDKMQEELQ
430,T186359_2.00,KPIYSYSCLIAMALKNSKTGSLPVSEIYSFMKEHFPYFKTAPDGWKNSVRHNLSLNKCFEKVETKSSGSSRKGCLWALNLARIDKMEEEMH
431,T186362_2.00,GNLSYADLITKAIESSAEKRLTLSQIYEWMVKSVPYFKDKGDSNSSAGWKNSIRHNLSLHSKFIRVQNEGTGKSSWWMLNPEGGKSGKSP
432,T186367_2.00,GNLSYADLITRAIESSPDKRLTLSQIYEWMVRCVPYFKDKGDSNSSAGWKNSIRHNLSLHSRFMRVQNEGTGKSSWWIINPDGGKSGKA
436,T186361_2.00,GNQSYAELISQAIESAPEKRLTLAQIYEWMVRTVPYFKDKGDSNSSAGWKNSIRHNLSLHSKFIKVHNEATGKSSWWMLNPDGGKGGKA
438,T186371_2.00,GNLSYADLITKAIESAPDKRLTLSQIYDWMVRYVPYFKDKGDSNSSAGWKNSIRHNLSLHTRFIRVQNEGTGKSSWWMLNPEGGKTGKTP
439,T186346_2.00,RPPFTYASLIRQAILESPEKQLTLNEIYNWFTRMFAYFRRNAATWKNAVRHNLSLHKCFVRVENVKGAVWTVDEVEFQKRRPQK
452,T186345_2.00,RPPFTYATLIRQAIMESSDRQLTLNEIYSWFTRTFAYFRRNAATWKNAVRHNLSLHKCFVRVENVKGAVWTVDEVEYQKRRSQKI
456,T186383_2.00,RPAYSYIALIAMAIQQSPAGRVTLSGIYDFIMRKFPYYRANQRAWQNSIRHNLSLNSCFVKVPRTEGNDKGKGNYWTFAGGCESLLDLFENG
457,T192873_2.00,CVNCGATSTPLWRRDGTGHYLCNACGLYHKMNGQN
458,T192875_2.00,CVNCGAMSTPLWRRDGTGHYLCNACGLYHKMNGIN
461,T192874_2.00,CVNCGALSTPLWRRDGTGHYLCNACGLYHKMNGVN
462,T192871_2.00,CVNCGSIQTPLWRRDGTGHYLCNACGLYSKMNGLS
463,T198024_2.00,TDWFQEWPDSYVKHIYSSDDRNAQRHLSSWAMRNTNNHNSRILKKSCLGVVVCSRDCSTEEGRKIYLRPAICDKARQKQQRKSCPNCNGPLKLIPCRGHGGFPVTNFWRHDGRFIFFQSKGEHDHPRPETKLEAEARR
464,T203894_2.00,RRPRTRLTSLQLRILGQAFERNPRPGFATREELARDTGLPEDTIHIWFQNRRARRRH
465,T212488_2.00,RRHRTTFTSLQLEELEKVFQKTHYPDVYVREQLALRTELTEARVQVWFQNRRAKWRK
467,T212405_2.00,RRNRTTFSTFQLEELEKVFQKTHYPDVYAREQLALRTDLTEARVQVWFQNRRAKWRK
468,T212504_2.00,RRNRTTFTSYQLEELEKVFQKTHYPDVYAREQLAMRTDLTEARVQVWFQNRRAKWRK
470,T212482_2.00,RRYRTTFTSYQLEELERAFQKTHYPDVFTREELAMRLDLTEARVQVWFQNRRAKWRK
472,T212444_2.00,RKARTAFTDHQLAQLERSFERQKYLSVQDRMELAASLNLTDTQVKTWYQNRRTKWKR
475,T212474_2.00,RKARTAFSDHQLNQLERSFERQKYLSVQDRMDLAAALNLTDTQVKTWYQNRRTKWKR
476,T212418_2.00,RRSRTVFTELQLMGLEKRFEKQKYLSTPDRIDLAESLGLSQLQVKTWYQNRRMKWKK
477,T212470_2.00,RRSRTIFTELQLMGLEKKFQKQKYLSTPDRLDLAQSLGLTQLQVKTWYQNRRMKWKK
478,T212545_2.00,RKARTVFSDSQLSGLEKRFEIQRYLSTPERVELATALSLSETQVKTWFQNRRMKHKK
479,T212434_2.00,DKYRVVYTDHQRLELEKEFHYSRYITIRRKSELAANLGLTERQVKIWFQNRRAKERK
480,T212458_2.00,DKYRVVYTDHQRLELEKEFHFSRYITIRRKSELAATLGLSERQVKIWFQNRRAKERK
481,T212604_2.00,SKPRHKFSRDELKRLKQEFAYAPYPDFTTKDELARQFQCEVSVIDNWFQNKRARL
482,T212510_2.00,RRERTTFTRSQLEELEALFAKTQYPDVYAREEVALKINLPESRVQVWFKNRRAKCRQ
486,T212463_2.00,LRRAVFSDVQRKALEKTFQKQKYISKPDRKKLASKLGLKDSQVKIWFQNRRMKWRN
487,T212523_2.00,LRRAVFSEEQRKALEKMFQKQKYISKTDRRKLAVSLGLKESQVKIWFQNRRMKWRN
488,T212513_2.00,RKPRTIYSSLQLQALNRRFQQTQYLALPERAELAASLGLTQTQVKIWFQNKRSKFKK
489,T212430_2.00,RKPRTIYSSFQLAALQRRFQKTQYLALPERAELAASLGLTQTQVKIWFQNRRSKFKK
490,T212388_2.00,RKPRTIYSSYQLAALQRRFQKAQYLALPERAELAAQLGLTQTQVKIWFQNRRSKFKK
491,T212413_2.00,RKPRTIYSSLQLQHLDQRFQHTQYLALPERAQLAAQLGLTQTQVKIWFQNKRSKYKK
492,T212461_2.00,RKPRTIYSSFQLAALQRRFQKTQYLALPERAELAASLGLTQTQVKIWFQNKRSKIKK
493,T212452_2.00,RRSRTAFTAQQLEALEKTFQKTHYPDVVMRERLAMCTNLPEARVQVWFKNRRAKFRK
496,T212526_2.00,RRRRIILTQSQKDTLRVWFEKNPNPDLATRGHLAKELGISESQIMTWFQKHRKIRKQ
500,T212519_2.00,KRIRTAFSPSQLLRLEHAFEKNHYVVGAERKQLAHSLSLTETQVKVWFQNRRTKFKR
501,T212550_2.00,KRPRTAFTAEQLQRLKAEFQANRYITEQRRQTLAQELSLNESQIKIWFQNKRAKIKK
502,T212500_2.00,KRPRTAFTAEQLQRLKAEFQTNRYLTEQRRQSLAQELSLNESQIKIWFQNKRAKIKK
503,T212431_2.00,RRYRICFTPIQLQELEAFFQRVQYPDLFARVELARRLGLPEPRVQVWFQNRRAKWRR
505,T212397_2.00,RRYRTAFTREQIARLEKEFYRENYVSRPRRCELAAALNLPETTIKVWFQNRRMKDKR
506,T212394_2.00,RRYRTAFTREQIARLEKEFYRENYVSRPRRCELAAALNLPETTIKVWFQNRRMKDKR
508,T212561_2.00,RRRRTAFTSEQLLELEKEFHCKKYLSLTERSQIAHALKLSEVQVKIWFQNRRAKWKR
509,T212476_2.00,RRRRTAFTSEQLLELEKEFHCKKYLSLTERSQIAHALKLSEVQVKIWFQNRRAKWKR
510,T212415_2.00,RRHRTIFTDEQLEALENLFQETKYPDVGTREQLARKVHLREEKVEVWFKNRRAKWRR
511,T212485_2.00,KRMRTAFTSTQLLELEREFSSNMYLSRLRRIEIATYLNLSEKQVKIWFQNRRVKHKK
512,T212477_2.00,QDRTQFSDRDLATLKKYWDNGMTSLGSVCREKIEAVAIELNVDCEIVRTWIGNRRRKYRL
514,T212501_2.00,SWSRAVFSNLQRKGLEKRFEIQKYVTKPDRKQLAAMLGLTDAQVKVWFQNRRMKWRH
515,T212424_2.00,RGSRFTWRKECLAVMESYFNENQYPDEAKREEIANACNAVIQKPGKKLSDLERVTSLKVYNWFANRRKEIKR
523,T212560_2.00,KKTRTVFSRSQVFQLESTFDLKRYLSSAERAGLAASLQLTETQVKIWFQNRRNKWKR
524,T212531_2.00,KKTRTVFSRSQVYQLESTFDMKRYLSSSERACLASSLQLTETQVKTWFQNRRNKWKR
526,T212455_2.00,RRNRFKWGPASQQILFQAYERQKSPSKEERETLVEECNRAECIQRGVSPSQAQGLGSNLVTEVRVYNWFANRRKEE
528,T212412_2.00,RRNRFKWGPASQQILYQAYDRQKNPSKEEREALVEECNRAECLQRGVSPSKAHGLGSNLVTEVRVYNWFANRRKEE
532,T212548_2.00,DGNEHLLQAFSYFPYPSLADIALLCLRHGLQMEKVKTWFMAQRLRC
536,T212462_2.00,NAVRTNFTTKQLTELEKEFHFNKYLTRARRVEIAASLQLNETQVKIWFQNRRMKQKK
537,T212382_2.00,RKKRCPYTKHQTLELEKEFLFNMYLTRERRLEISRSVHLTDRQVKIWFQNRRMKLKK
539,T212490_2.00,RKKRCPYTKYQIRELEREFFFSVYINKEKRLQLSRMLNLTDRQVKIWFQNRRMKEKK
540,T212489_2.00,RKKRVPYTKVQLKELEREYATNKFITKDKRRRISATTNLSERQVTIWFQNRRVKEKK
543,T212406_2.00,RRLRTAYTNTQLLELEKEFHFNKYLCRPRRVEIAALLDLTERQVKVWFQNRRMKHKR
544,T212582_2.00,KRARTAYTSAQLVELEKEFHFNRYLCRPRRVEMANLLNLTERQIKIWFQNRRMKYKK
545,T212383_2.00,KRSRTAYTRQQVLELEKEFHFNRYLTRRRRIEIAHTLCLSERQVKIWFQNRRMKWKK
546,T212493_2.00,KRARTAYTRYQTLELEKEFHFNRYLTRRRRIEIAHALCLSERQIKIWFQNRRMKWKK
547,T212517_2.00,RRGRQTYTRYQTLELEKEFHFNRYLTRRRRIEIANALCLTERQIKIWFQNRRMKWKK
548,T212492_2.00,KRGRQTYTRYQTLELEKEFHFNRYLTRRRRIEIAHALCLTERQIKIWFQNRRMKWKK
549,T212491_2.00,RKKRCPYTKHQTLELEKEFLFNMYLTRDRRYEVARLLNLTERQVKIWFQNRRMKMKK
550,T212529_2.00,RKKRIPYSKGQLRELEREYAANKFITKDKRRKISAATSLSERQITIWFQNRRVKEKK
551,T212528_2.00,KRARTAYTSAQLVELEKEFHFNRYLCRPRRVEMANLLNLSERQIKIWFQNRRMKYKK
553,T212494_2.00,KRSRTAYTRQQVLELEKEFHYNRYLTRRRRVEIAHALCLSERQIKIWFQNRRMKWKK
554,T212495_2.00,KRARTAYTRYQTLELEKEFHFNRYLTRRRRIEIAHALCLSERQIKIWFQNRRMKWKK
555,T212381_2.00,RRGRQTYTRYQTLELEKEFHYNRYLTRRRRIEIAHALCLTERQIKIWFQNRRMKWKK
557,T212497_2.00,KRGRQTYTRYQTLELEKEFHYNRYLTRRRRIEIAHTLCLTERQIKIWFQNRRMKWKK
558,T212547_2.00,RRGRQTYSRYQTLELEKEFLFNPYLTRKRRIEVSHALGLTERQVKIWFQNRRMKWKK
561,T212414_2.00,RKKRCPYTKYQTLELEKEFLFNMYLTRDRRHEVARLLNLSERQVKIWFQNRRMKMKK
562,T212427_2.00,RKKRCPYTKHQTLELEKEFLFNMYLTRERRLEISKTINLTDRQVKIWFQNRRMKLKK
563,T212391_2.00,RKKRCPYSKFQIRELEREFFFNVYINKEKRLQLSRMLNLTDRQVKIWFQNRRMKEKK
564,T212533_2.00,RKKRKPYSKLQLAELEGEFLVNEFITRQRRRELSDRLNLSDQQVKIWFQNRRMKKKR
565,T212390_2.00,RKKRVPYTKVQLKELEKEYAASKFITKEKRRRISATTNLSERQVTIWFQNRRVKEKK
566,T212579_2.00,KRSRTAYTRQQVLELEKEFHYNRYLTRRRRIEIAHSLCLSERQIKIWFQNRRMKWKK
567,T212428_2.00,KRSRTSYTRYQTLELEKEFHFNRYLTRRRRIEIANNLCLNERQIKIWFQNRRMKWKK
568,T212393_2.00,RRGRQIYSRYQTLELEKEFHFNRYLTRRRRIEIANALCLTERQIKIWFQNRRMKWKK
569,T212392_2.00,RSGRQTYSRYQTLELEKEFLFNPYLTRKRRIEVSHALGLTERQVKIWFQNRRMKWKK
570,T212486_2.00,RKRRCPYTKYQTLELEKEFLFNMYLTRDRRYEVARVLNLTERQVKIWFQNRRMKMKK
571,T212515_2.00,AIRTNFSTKQLTELEKEFHFNKYLTRARRIEIANCLQLNDTQVKIWFQNRRMKQKK
572,T212534_2.00,RKKRCPYTKHQTLELEKEFLFNMYLTRERRLEISKSVNLTDRQVKIWFQNRRMKLKK
573,T212516_2.00,RKKRCPYTKYQIRELEREFFFNVYINKEKRLQLSRMLNLTDRQVKIWFQNRRMKEKK
574,T212395_2.00,RKKRVPYTKLQLKELENEYAINKFINKDKRRRISAATNLSERQVTIWFQNRRVKDKK
575,T212581_2.00,KRVRTAYTSAQLVELEKEFHFNRYLCRPRRVEMANLLNLTERQIKIWFQNRRMKYKK
579,T212447_2.00,RRGRQTYSRFQTLELEKEFLFNPYLTRKRRIEVSHTLALTERQVKIWFQNRRMKWKK
582,T212387_2.00,PAYRKNATRDATATLKAWLNEHRKNPYPTKGEKIMLAIITKMTLTQVSTWFANARRRLKK
584,T212466_2.00,RPKNATRESTSTLKAWLNEHRKNPYPTKGEKIMLAIITKMTLTQVSTWFANARRRLKK
586,T212421_2.00,TRRKNATRETTSTLKAWLQEHRKNPYPTKGEKIMLAIITKMTLTQVSTWFANARRRLKK
588,T212467_2.00,PAYRKNATRDATATLKAWLNEHRKNPYPTKGEKIMLAIITKMTLTQVSTWFANARRRLKK
589,T212468_2.00,AGRRKNATRESTSALKAWLHEHRKNPYPTKGEKIMLAIITKMTLTQVSTWFANARRRLKK
591,T212471_2.00,TRVRTVLNEKQLHTLRTCYAANPRPDALMKEQLVEMTGLSPRVIRVWFQNKRCKDKK
592,T212465_2.00,RRVRTTFTTEQLQELEKLFHFTHYPDIHVRSQLASRINLPEARVQIWFQNQRAKWRK
594,T212480_2.00,RKSRTAFTAQQVLELERRFVFQKYLAPSERDGLAARLGLANAQVVTWFQNRRAKLKR
595,T212408_2.00,RGPRTTIKAKQLETLKAAFAATPKPTRHIREQLAQETGLNMRVIQVWFQNRRSKERR
597,T212380_2.00,KRMRTSFKHHQLRTMKSYFAINHNPDAKDLKQLAQKTGLTKRVLQVWFQNARAKFRR
599,T212446_2.00,KRPRTTITAKQLETLKSAYNTSPKPARHVREQLSSETGLDMRVVQVWFQNRRAKEKR
601,T212440_2.00,KRPRTTITAKQLETLKNAYKNSPKPARHVREQLSSETGLDMRVVQVWFQNRRAKEKR
603,T212456_2.00,RGPRTTIKAKQLETLKAAFAATPKPTRHIREQLAQETGLNMRVIQVWFQNRRSKERR
604,T212445_2.00,KRARTSFTAEQLQVMQAQFAQDNNPDAQTLQKLADMTGLSRRVIQVWFQNCRARHKK
611,T212605_2.00,KRARTSFTADQLQVMQAQFAQDNNPDAQTLQKLAERTGLSRRVIQVWFQNCRARHKK
612,T212410_2.00,KRMRTSFKHHQLRTMKSYFAINHNPDAKDLKQLAQKTGLTKRVLQ
617,T212443_2.00,KRPRTILTTQQRRAFKASFEVSSKPCRKVRETLAAETGLSVRVVQVWFQNQRAKMKK
619,T212498_2.00,KRPRTILTTQQRRAFKASFEVSSKPCRKVRETLAAETGLSVRVVQVWFQNQRAKMKK
621,T212411_2.00,HKKRGIFPKVATNIMRAWLFQHLTHPYPSEEQKKQLAQDTGLTILQVNNWFINARRRI
626,T212448_2.00,QKKRGIFPKVATNIMRAWLFQHLTHPYPSEEQKKQLAQDTGLTILQVNNWFINARRRI
632,T212509_2.00,NKKRGIFPKVATNIMRAWLFQHLSHPYPSEEQKKQLAQDTGLTILQVNNWFINARRRI
635,T212385_2.00,RKERTAFTKEQLRELEAEFAHHNYLTRLRRYEIAVNLDLSERQVKVWFQNRRMKWKR
636,T212389_2.00,RRPRTAFTSQQLLELEHQFKLNKYLSRPKRFEVATSLMLTETQVKIWFQNRRMKWKR
638,T212525_2.00,RKPRTPFTTAQLLALERKFRQKQYLSIAERAEFSSSLSLTETQVKIWFQNRRAKAKR
639,T212419_2.00,RKPRTPFTTSQLLALERKFRQKQYLSIAERAEFSSSLNLTETQVKIWFQNRRAKAKR
640,T212439_2.00,RKPRTPFTTAQLLALERKFHQKQYLSIAERAEFSSSLSLTETQVKIWFQNRRAKAKR
641,T212403_2.00,QKMRTVFSQAQLCALKDRFQKQKYLSLQQMQELSSILNLSYKQVKTWFQNQRMKCKR
644,T212453_2.00,RRARTAFTYEQLVALENKFKATRYLSVCERLNLALSLSLTETQVKIWFQNRRTKWKK
645,T212527_2.00,RRARTAFTYEQLVALENKFRATRYLSVCERLNLALSLSLTETQVKIWFQNRRTKWKK
646,T212386_2.00,RKRRVLFSQAQVYELERRFKQQKYLSAPEREHLASMIHLTPTQVKIWFQNHRYKMKR
648,T212449_2.00,RKRRVLFSKAQTYELERRFRQQRYLSAPEREHLASLIRLTPTQVKIWFQNHRYKMKR
650,T212521_2.00,RKPRVLFSQAQVFELERRFKQQRYLSAPEREHLASSLKLTSTQVKIWFQNRRYKCKR
651,T212543_2.00,RKRRVLFSQAQVYELERRFKQQKYLSAPEREHLASMIHLTPTQVKIWFQNHRYKMKR
652,T212407_2.00,RKPRVLFSQAQVYELERRFKQQRYLSAPERDQLASVLKLTSTQVKIWFQNRRYKCKR
653,T212520_2.00,RKSRVLFSQAQVLALERRFKQQRYLTAPEREHLASALQLTSTQVKIWFQNRRYKSKS
654,T212551_2.00,RKRRVLFSKAQTLELERRFRQQRYLSAPEREQLARLLRLTPTQVKIWFQNHRYKLKR
655,T212425_2.00,KRSRAAFSHTQVIELERKFSHQKYLSAPERAHLAKNLKLTETQVKIWFQNRRYKTKR
656,T212530_2.00,KRSRAAFSHAQVFELERRFNHQRYLSGPERADLAASLKLTETQVKIWFQNRRYKTKR
657,T212481_2.00,KHTRPTFSGQQIFALEKTFEQTKYLAGPERARLAYSLGMTESQVKVWFQNRRTKWRK
658,T212557_2.00,KHTRPTFTGHQIFALEKTFEQTKYLAGPERARLAYSLGMTESQVKVWFQNRRTKWRK
659,T212459_2.00,KKTRTLYRSDQLEELERIFQEDHYPDSDKRHEISQMVGVTPQRIMVWFQNRRAKWRK
661,T212563_2.00,KRVRTTFNLQQLQELEKVFAKQHNLVGKERAQLAARLHLTENQVRIWFQNRRVKYQK
662,T212544_2.00,RKERTVYTKEQQGLLQKHFDECQYPNKKKIVELALSVGVTKREIKIWFKNNRAKYRR
668,T212559_2.00,RKERTVYSKEQQCLLQKHFDEFQYPNEKKIVELALSVGVTKREIKIWFKNNRAKYRR
675,T212576_2.00,RKERTVYTKEQQRLLQKHFDECQYPNEKKIMELAVSVGVTKMEIKIWFKNNRAKYRR
678,T212511_2.00,RKIRTVYTEEQKCVLKKHFHKCTYPSREQRMALAVLVGVTANEIQIWFKNHRAKSKR
679,T212422_2.00,KRHRTRFTPAQLNELERSFAKTHYPDIFMREELALRIGLTESRVQVWFQNRRAKWKK
680,T212398_2.00,RRERTTFTRSQLDVLEALFAKTRYPDIFMREEVALKINLPESRVQVWFKNRRAKCRQ
682,T212423_2.00,RRERTTFTRAQLDVLEALFAKTRYPDIFMREEVALKINLPESRVQVWFKNRRAKCRQ
689,T212539_2.00,RRKRRNFNKQATEILNEYFYSHLSNPYPSEEAKEELAKKCGITVSQVDT
694,T212457_2.00,KRTRTAYTRAQLLELEKEFLFNKYISRPRRVELAVMLNLTERHIKIWFQNRRMKWKK
695,T212402_2.00,RRIRTTFTSAQLKELERVFAETHYPDIYTREELALKIDLTEARVQVWFQNRRAKFRK
696,T212404_2.00,RRIRTTFTSAQLKELERVFAETHYPDIYTREELALKIDLTEARVQVWFQNRRAKFRK
698,T212420_2.00,RRQRTHFTSQQLQELEATFQRNRYPDMSMREEIAVWTNLTEPRVRVWFKNRRAKWRK
700,T212451_2.00,RRQRTHFTSQQLQELEATFQRNRYPDMSTREEIAVWTNLTEARVRVWFKNRRAKWRK
705,T212438_2.00,RRQRTHFTSQQLQELEATFQRNRYPDMSTREEIAVWTNLTEARVRVWFKNRRAKWRK
707,T212401_2.00,KNKRGVLPKHATNVMRSWLFQHIGHPYPTEDEKKQIAAQTNLTLLQVNNWFINARRRI
710,T212484_2.00,KNKRGVLPKHATNIMRSWLFQHLMHPYPTEDEKRQIAAQTNLTLLQVNNWFINARRRI
713,T212522_2.00,RRHRTTFNPAQLEQLESAFGRNQYPDIWAREGLAQDTGLSEARIQVWFQNRRAKQRK
714,T212442_2.00,RRNRTTFNSSQLQALERVFERTHYPDAFVREDLARRVNLTEARVQVWFQNRRAKFRR
717,T212502_2.00,RRNRTTFNSSQLQALERVFERTHYPDAFVREELARRVNLSEARVQVWFQNRRAKFRR
719,T212577_2.00,RKERTVYTKEEQGLLQKHFDECQYPNKKKIVELALSVGVTKREIKIWFKNNRAKYRQ
720,T212433_2.00,RRNRTTFTTYQLHELERAFEKSHYPDVYSREELAGKVNLPEVRVQVWFQNRRAKWRR
721,T212535_2.00,PRKAYRFTPGQLWELQAVFVENQYPDALKRKELAGLLNVDEQKIKDWFNNKRAKYRK
722,T212399_2.00,RYRRTRFTHSQLHDLERLFQETRYPSLRARRDLARWMGVDECDVQNWFRMRRALFQR
723,T212384_2.00,RRKRTTFSVGQLVELERVFAARPYPDISTREHLAQVTHLPEAKIQVWFQNRRAKRIK
724,T212450_2.00,RRSRTNFTLEQLNELERLFDETHYPDAFMREELSQRLGLSEARVQVWFQNRRAKCRK
729,T212537_2.00,TSYCFKEKSRGVLREWYAHNPYPSPREKRELAEATGLTTTQVSNWFKNRRQRDRA
730,T212432_2.00,TSYCFKEKSRSVLREWYAHNPYPSPREKRELAEATGLTTTQVSNWFKNRRQRDRA
732,T212499_2.00,EQKTHCFKERTRSLLREWYLQDPYPNPSKKRELAQATGLTPTQVGNWFKNRRQRDRA
735,T212475_2.00,YCFKEKSRNALKELYKQNRYPSPAEKRHLAKITGLSLTQVSNWFKNRRQRDRN
737,T212416_2.00,EQKTHCFKERTRHLLREWYLQDPYPNPSKKRELAQATGLTPTQVGNWFKNRRQRDRA
738,T212524_2.00,RRRRGNLPKESVQILRDWLYEHRYNAYPSEQEKALLSQQTHLSTLQVCNWFINARRRL
747,T212556_2.00,RKRRGNLPKESVKILRDWLYLHRYNAYPSEQEKLSLSGQTNLSVLQICNWFINARRRL
750,T212564_2.00,KKPRTSFSRSQVLELERRFLRQKYLASAERAALAKALRMTDAQVKTWFQNRRTKWRR
752,T212454_2.00,RRTRTNFTGWQLEELEKAFNESHYPDVFMREALALRLDLVESRVQVWFQNRRAKWRK
754,T212400_2.00,KRTRTSFTAEQLYRLEMEFQRCQYVVGRERTELARQLNLSETQVKVWFQNRRTKQKK
755,T212479_2.00,KRTRTSFTAEQLYRLEMEFQRCQYVVGRERTELARQLNLSETQVKVWFQNRRTKQKK
756,T212472_2.00,RRHRTVFTAHQLEELEKAFGEAHYPDVYAREMLAAKTELPEDRIQVWFQNRRAKWRK
757,T224749_2.00,RKKRNMPSIEQKLVLKEHFDESKYLNKEQCKSLAQKLGMKEKQIKTHFKNKRARERR
758,T237409_2.00,GLSSVNQLGGLFVNGRPLPLDTRQQIVQLAIRGMRPCDISRSLKVSNGCVSKILGRYYRTGVLEPKCIGGSKPRLATPAVVARIAQLKDEYPALFAWEIQHQLCTEGLCTQDKAPSVSSINRVLR
762,T237407_2.00,SHSGVNQLGGVFVNGRPLPDSTRQKIVELAHSGARPCDISRILQTHADAKVQVLDNENVSNGCVSKILGRYYETGSIRPRAIGGSKPRVATPEVVSKIAQYKRECPSIFAWEIRDRLLSEGVCTNDNIPSVSSINRVLR
773,T237408_2.00,GQGRVNQLGGVFINGRPLPNHIRHKIVEMAHHGIRPCVISRQLRVSHGCVSKILCRYQETGSIRPGAIGGSKPRQVATPDVEKKIEEYKRENPGMFSWEIRDRLLKDGHCDRSTVPSVSSISRVLR
775,T238373_2.00,PEIRELEQFANEFKVRRIKLGYTQTNVGEALAAVHGSEFSQTTICRFENLQLSFKNACKLKAILSKWLEEAE
779,T238379_2.00,SDLEELEQFAKTFKQRRIKLGFTQGDVGLAMGKLYGNDFSQTTISRFEALNLSFKNMCKLKPLLEKWLNDAE
788,T238374_2.00,SDLEELEQFARTFKQRRIKLGFTQGDVGLAMGKLYGNDFSQTTISRFEALNLSFKNMCKLKPLLEKWLNDAE
796,T238381_2.00,TDLEELEKFAKTFKQRRIKLGFTQGDVGLAMGKLYGNDFSQTTISRFEALNLSFKNMCKLKPLLEKWLNDAE
798,T238384_2.00,PSSDDLEQFAKQFKQRRIKLGFTQADVGLALGTLYGNVFSQTTICRFEALQLSFKNMCKLKPLLNKWLEETD
799,T238386_2.00,PTSDDLEQFAKQFKQRRIKLGFTQADVGLALGTLYGNVFSQTTICRFEALQLSFKNMCKLKPLLNKWLEEAD
800,T238383_2.00,PTSDELEQFAKQFKQRRIKLGFTQADVGLALGTLYGNVFSQTTICRFEALQLSFKNMCKLKPLLNKWLEEAD
801,T238378_2.00,SDPRELEAFAERFKQRRIKLGVTQADVGAALANLKIPGVGSLSQSTICRFESLTLSHNNMIALKPVLQAWLEEAE
802,T238376_2.00,INLEEIREFAKNFKIRRLSLGLTQTQVGQALTATEGPAYSQSAICRFEKLDITPKSAQKLKPVLEKWLMEAE
803,T244223_2.00,RMRPWLEEQINSNTIPGLKWLNKEKKIFQIPWMHAARHGWDVEKDAPLFRNWAIHTGKHQPGIDKPDPKTWKANFRCAMNSLPDIEEVKDRSIKKGNNAFRVYRML
804,T244217_2.00,RILPWLVSQLDLGQLEGVAWLDESRTRFRIPWKHGLRQDAQMADFGIFQAWAEASGAYTPGKDKPDVSTWKRNFRSALNRKEVLRLAADNSKDPYDPHKVYEFV
807,T244219_2.00,KLRQWLIDQIDSGKYPGLVWENEEKSVFRIPWKHAGKQDYNREEDAALFKAWALFKGKFREGIDKPDPPTWKTRLRCALNKSNDFEELVERSQLDISDPYKVYRIV
809,T244222_2.00,RLKPWLVAQVNSCQYPGLQWVNGEKKLFYIPWRHATRHGPSQDGDNTIFKAWAKETGKYTEGVDEADPAKWKANLRCALNKSRDFQLFYDGPRDMPPQPYKIYEVC
813,T244221_2.00,RLKPWLVAQVDSGLYPGLIWLHRDSKRFQIPWKHATRHSPQQEEENTIFKAWAVETGKYQEGVDDPDPAKWKAQLRCALNKSREFNLMYDGTKEVPMNPVKIYQVC
814,T244220_2.00,LFGDWLLGEVSSGQYEGLQWLNEARTVFRVPWKHFGRRDLDEEDAQIFKAWAVARGRWPPSGVNLPPPEAEAAERRERRGWKTNFRCALHSTGRFILRQDNSGDPVDPHKVYELS
818,T244216_2.00,KLRSWIVEQVESGHFPGVCWDDAAKTMFRIPWKHAGKQDFREDQDAAIFKAWALFKEKHKDGDIGHPAVWKTRLRCALNKSSEFEEVPERGRMDVAEPYKVYRIL
821,T253736_2.00,FIDNKLRRYTTFSKRKTGIMKKAYELSTLTGTQVLLLVASETGHVYTF
822,T260278_2.00,RGPMYDDPTLPEGWTRKLKQRKSGRSAGKYDVYLINPQGKAFRSKVELIAYFEKVGDTSLDPNDFDFTVTGR
827,T269782_2.00,KTRWTREEDEKLKKLVEQNGTDDWKVIANYLPNRTDVQCQHRWQKVL
829,T269784_2.00,RVKWTRDEDDKLKKLVEQHGTDDWTLIASHLQNRSDFQCQHRWQKVL
832,T269781_2.00,KVKWTHEEDEQLRALVRQFGQQDWKFLASHFPNRTDQQCQYRWLRVL
833,T269792_2.00,KPRFSFEENQILIREVRAHYPQLYGAQSRRVSVAERRRVWDSIATKINGITSWKRTGQEVQKRWNDFK
836,T269798_2.00,KPKFSKEELDILVTEVTRHEAVLFGRETMRLSHADRDKIWEGIARKITSVSQVPRSIKDIKHRWDDMK
837,T269787_2.00,KQKWTIEESEWVKDGVRKYGEGNWAAISKSYPFVNRTAVMIKDRWRTMK
840,T299792_2.00,AFVCQKKNHFQVTVYIGMLGEPKYVKTPEGLKPLDCFYLKLHGVKLEALNQSINIEQSQSDRSKRPFNPVTVNLPPEQVTKVTVGRLHFSETTANNMRKKGKPNPDQRYFMLVVALQAHAQNQNYTLAAQISERIIVRASNPGQFESD
843,T303937_2.00,KTCLICGDEASGCHYGALTCGSCKVFFKRAAEGKQKYLCASRNDCTIDKFRRKNCPSCRLRKCYEAGMTL
844,T303910_2.00,RYCAVCNDYASGYHYGVWSCEGCKAFFKRSIQGHNDYMCPATNQCTIDKNRRKSCQACRLRKCYEVGMMK
848,T303913_2.00,HFCAVCSDYASGYHYGVWSCEGCKAFFKRSIQGHNDYICPATNQCTIDKNRRKSCQACRLRKCYEVGMVK
852,T303922_2.00,RLCLVCGDVASGYHYGVASCEACKAFFKRTIQGSIEYSCPASNECEITKRRRKACQACRFTKCLRVGMLK
854,T303914_2.00,RLCLVCGDIASGYHYGVASCEACKAFFKRTIQGNIEYNCPATNECEITKRRRKSCQACRFMKCLKVGMLK
859,T303924_2.00,RLCLVCGDIASGYHYGVASCEACKAFFKRTIQGNIEYSCPATNECEITKRRRKSCQACRFMKCLKVGMLK
862,T303909_2.00,ALCAICGDRATGKHYGASSCDGCKGFFRRSVRKNHMYSCRFSRQCVVDKDKRNQCRYCRLKKCFRAGMKK
866,T303904_2.00,DLCVVCGDKASGRHYGAITCEGCKGFFKRSIRKNLVYSCRGSKDCVINKHHRNRCQYCRLQRCIAFGMKQ
869,T303911_2.00,IPCKVCGDRSSGKHYGVYACDGCSGFFKRSIRRNRTYVCKSGNQGGCPVDKTHRNQCRACRLKKCLEVNMNK
871,T303943_2.00,IECVVCGDKSSGKHYGQFTCEGCKSFFKRSVRRNLTYTCRANRNCPIDQHHRNQCQYCRLKKCLKVGMRR
872,T303929_2.00,IECVVCGDKSSGKHYGQFTCEGCKSFFKRSVRRNLSYTCRANRNCPIDQHHRNQCQYCRLKKCLKVGMRR
873,T303901_2.00,VDCVVCGDKSSGKHYGVFTCEGCKSFFKRTIRRNLSYTCRSNRDCQIDQHHRNQCQYCRLKKCFRVGMRK
876,T303926_2.00,GLCAVCGDNAACQHYGVRTCEGCKGFFKRTVQKNAKYVCLANKNCPVDKRRRNRCQYCRFQKCLAVGMVK
880,T303923_2.00,ELCPVCGDKVSGYHYGLLTCESCKGFFKRTVQNQKRYTCIENQNCQIDKTQRKRCPYCRFKKCIDVGMKL
885,T303935_2.00,KPCFVCQDKSSGYHYGVSACEGCKGFFRRSIQKNMVYTCHRDKNCIINKVTRNRCQYCRLQKCFDVGMSK
890,T303907_2.00,KPCFVCQDKSSGYHYGVSACEGCKGFFRRSIQKNMIYTCHRDKNCVINKVTRNRCQYCRLQKCFEVGMSK
891,T303898_2.00,KPCFVCNDKSSGYHYGVSSCEGCKGFFRRSIQKNMVYTCHRDKNCIINKVTRNRCQYCRLQKCFEVGMSK
894,T303932_2.00,IPCKICGDKSSGIHYGVITCEGCKGFFRRSQQSNATYSCPRQKNCLIDRTSRNRCQHCRLQKCLAVGMSR
896,T303934_2.00,IPCKICGDKSSGIHYGVITCEGCKGFFRRSQQNNASYSCPRQRNCLIDRTNRNRCQHCRLQKCLALGMSR
898,T303906_2.00,HICAICGDRSSGKHYGVYSCEGCKGFFKRTVRKDLTYTCRDNKDCLIDKRQRNRCQYCRYQKCLAMGMKR
903,T303936_2.00,RLCAICGDRSSGKHYGVYSCEGCKGFFKRTIRKDLTYSCRDNKDCTVDKRQRNRCQYCRYQKCLATGMKR
908,T303905_2.00,HICAICGDRSSGKHYGVYSCEGCKGFFKRTIRKDLIYTCRDNKDCLIDKRQRNRCQYCRYQKCLVMGMKR
912,T316250_2.00,PTSDDLEQFAKQFKQRRIKLGFTQADVGLALGTLYGNVFSQTTICRFEALQLSFKNMCKLKPLLNKWLEEAD
913,T318367_2.00,SPATLQWLLDNYETAEGVSLPRSTLYNHYLRHCQEHKLDPVNAASFGKLIRSIFMGLRTRRLGTRGNSKYHYYGIRVKP
918,T318363_2.00,TPATLQWLEENYEIAEGVCIPRSALYMHYLDFCEKNDTQPVNAASFGKIIRQQFPQLTTRRLGTRGQSKYHYYGIAVKE
919,T318366_2.00,QMHAFSWIRNTLEEHPETSLPKQEVYDEYKSYCDNLGYHPLSAADFGKIMKNVFPNMKARRLGTRGKSKYCYSGLRKKA
923,T319429_2.00,MVEIIADHPAELVRTDSPNFLCSVLPSHWRCNKTLPVAFKVVALGEVPDGTVVTVMAGNDENYSAELRNASAVMKNQVARFNDLRFVGRSGRGKSFTLTITVFTNPPQVATYHRAIKVTVDGPREPRRHR
933,T321799_2.00,EDMEIAYPITCGESKAVLLWKKFVCPGINVKCVKFNDQLISPKHFVHLAGKSTLKDWKRAIRLGGIMLRKMMDSGQI
937,T321800_2.00,EAEIVYPITCGDSRANLIWRKFVCPGINVKCVQYDEHVISPKEFVHLAGKSTLKDWKRAIRMNGIMLRKIMDSGEL
940,T321798_2.00,DFGGAELPVVCGNAQGFLDKEKFKQGIYVRSIRGKTGRLFTPMDFEIEGNCEKAKNWRQSIRCKGWTLRELIQKGVL
946,T321803_2.00,DFSPTLPVTCGKAKGTLFQEKLKQGASKKCIQNEAGDWLTVKEFLNEGGRATSKDWKGVIRCNGETLRHLEQKGLL
947,T322114_2.00,DFSAELLPVTCGNLKGVLHKDKFKQGISVKSIQCQNGNWFTPSEFEMMGGYGKSKNWKLSLRCHNWPLKLLIQRKFL
948,T324772_2.00,CEKAVKSLVKKLKKTGQLDELEKAITTQNVNTKCITIPRSLDGRLQVSHRKGLPHVIYCRLWRWPDLHSHHELRAMELCEFAFNMKKDEVCVNPYHYQRVE
951,T328495_2.00,ARRPMNAFLLFCKRHRSLVRQEHPRLDNRGATKILADWWAVLDPKEKQKYTDMAKEYKDAFMKANPGYR
956,T328493_2.00,IRRPMNAFMIFSKRHRALVHQRHPNQDNRTVSKILGEWWYALGPKEKQKYHDLAFQVKEAHFKAHPDWK
960,T328492_2.00,CKRPMNAFMLFAKKYRVEYTQMYPGKDNRAISVILGDRWKKMKNEERRMYTLEAKALAEEQKRLNPDC
962,T328494_2.00,PKAPVTGYVRFLNERREQIRTRHPDLPFPEITKMLGAEWSKLQPAEKQRYLDEAEKEKQQYLKELWAYQ
969,T328499_2.00,IKKPLNAFMLYMKEMRANVVAECTLKESAAINQILGRRWHALSREEQAKYYELARKERQLHMQLYPGWS
973,T328518_2.00,VKRPMNAFMVWSRGQRRKMAQENPKMHNSEISKRLGAEWKVMSEAEKRPFIDEAKRLRALHMKEHPDYK
974,T328501_2.00,VKRPMNAFMVWAQAARRKLADQYPHLHNAELSKTLGKLWRLLNESDKRPFIEEAERLRMQHKKDHPDYK
975,T328513_2.00,IKRPMNAFMVWSKIERRKIMEQSPDMHNAEISKRLGKRWKMLKDSEKIPFIREAERLRLKHMADYPDYK
976,T328507_2.00,IKRPMNAFMVWSQHERRKIMDQWPDMHNAEISKRLGRRWQLLQDSEKIPFVREAERLRLKHMADYPDYK
978,T328515_2.00,IKRPMNAFMVWAKDERRKILQAFPDMHNSSISKILGSRWKSMTNQEKQPYYEEQARLSRQHLEKYPDYK
981,T328509_2.00,IKRPMNAFMVWSRGQRRKMAQENPKMHNSEISKRLGAEWKLLSEAEKRPYIDEAKRLRAQHMKEHPDYK
983,T328503_2.00,VKRPMNAFMVWSSVQRRQMAQQNPKMHNSEISKRLGAQWKLLGDEEKRPFVEEAKRLRARHLRDYPDYK
984,T328498_2.00,IRRPMNAFMVWAKDERKRLAQQNPDLHNAELSKMLGKSWKALTLAEKRPFVEEAERLRVQHMQDHPNYK
990,T328506_2.00,IRRPMNAFMVWAKDERKRLAQQNPDLHNAVLSKMLGKAWKELNTAEKRPFVEEAERLRVQHLRDHPNYK
991,T328511_2.00,VKRPMNAFMVWSRGQRRKMAQENPKMHNSEISKRLGAEWKLLTESEKRPFIDEAKRLRAMHMKEHPDYK
992,T328505_2.00,VKRPMNAFMVWSRGQRRKMALENPKMHNSEISKRLGADWKLLTDAEKRPFIDEAKRLRAVHMKEYPDYK
993,T328502_2.00,VKRPMNAFMVWARIHRPALAKANPAANNAEISVQLGLEWNKLSEEQKKPYYDEAQKIKEKHREEFPGWV
994,T328517_2.00,IKRPMNAFMVWSQIERRKIMEQSPDMHNAEISKRLGKRWKLLKDSDKIPFIQEAERLRLKHMADYPDYK
995,T328504_2.00,IKRPMNAFMVWAKDERRKILQAFPDMHNSNISKILGSRWKAMTNLEKQPYYEEQARLSKQHLEKYPDYK
1000,T328508_2.00,IKRPMNAFMVWAKDERRKILQAFPDMHNSNISKILGSRWKSMSNQEKQPYYEEQARLSKIHLEKYPNYK
1005,T328512_2.00,IRRPMNAFMVWAKDERKRLAVQNPDLHNAELSKMLGKSWKALTLSQKRPYVDEAERLRLQHMQDYPNYK
1006,T328496_2.00,VKRPMNAFMVWAQAARRKLADQYPHLHNAELSKTLGKLWRLLSESEKRPFVEEAERLRVQHKKDHPDYK
1009,T328514_2.00,VKRPMNAFMVWSRGERHKLAQQNPSMQNTEISKQLGCRWKSLTEAEKRPFFQEAQRLKILHREKYPNYK
1010,T328491_2.00,IKKPLNAFMLYMKEMRAKVIAECTLKESAAINQILGRRWHALSREEQAKYYELARKERQLHMQLYPGWS
1012,T328510_2.00,VKKPLNAFMLYMKEMRAKVVAECTLKESAAINQILGRKWHNLSREEQAKYYELARKERQLHAQLYPTWS
1014,T328497_2.00,IKKPLNAFMLYMKEMRAKVVAECTLKESAAINQILGRRWHALSREEQAKYYELARKERQLHMQLYPGWS
1027,T340149_2.00,VYLCNRPLWLKFHRHQTEMIITKQGRRMFPFLSFNINGLNPTAHYNVFVEVVLADPNHWRFQGGKWVTCGKADNNMQGNRMYVHPESPNTGSHWMRQEISFGKLKLTNNKGANNNNTQMIVLQSLHKYQPRLHIVEVTEDGVEDLNEPSKTQTFTFSETQFIAVTAYQNTDITQLKIDHNPFAKGFRD
1030,T340150_2.00,VYLCNRPLWLKFHRHQTEMIITKQGRRMFPFLSFNISGLDPTAHYNIFVDVILADPNHWRFQGGKWVPCGKADTNVQGNRVYMHPDSPNTGAHWMRQEISFGKLKLTNNKGASNNNGQMVVLQSLHKYQPRLHVVEVNEDGTEDTSQPGRVQTFTFPETQFIAVTAYQNTDITQLKIDHNPFAKGFRD
1032,T340140_2.00,VQLEMKALWDEFNQLGTEMIVTKAGRRMFPTFQVKLFGMDPMADYMLLMDFVPVDDKRYRYAFHSSSWLVAGKADPATPGRVHYHPDSPAKGAQWMKQIVSFDKLKLTNNLLDDNGHIILNSMHRYQPRFHVVYVDPRKDSEKYAEENFKTFVFEETRFTAVTAYQNHRITQLKIASNPFAKGFRD
1033,T340137_2.00,VTLEAKELWDQFHKLGTEMVITKSGRRMFPPFKVRVSGLDKKAKYILLMDIVAADDCRYKFHNSRWMVAGKADPEMPKRMYIHPDSPATGEQWMAKPVAFHKLKLTNNISDKHGFTILNSMHKYQPRFHIVRANDILKLPYSTFRTYVFPETDFIAVTAYQNDKITQLKIDNNPFAKGFRD
1034,T340147_2.00,CSLETKELWDKFHELGTEMIITKSGRRMFPTIRVSFSGVDPESKYIVLMDIVPVDNKRYRYAYHRSSWLVAGKADPPLPARLYVHPDSPFTGEQLLKQMVSFEKVKLTNNELDQHGHIILNSMHKYQPRVHIIKKKDHTASLLNLKSEEFRTFIFPETVFTAVTAYQNQLITKLKIDSNPFAKGFRD
1036,T340142_2.00,VHLEAKELWDQFHKRGTEMVITKSGRRMFPPFKVRCSGLDKKAKYILLMDIIAADDCRYKFHNSRWMVAGKADPEMPKRMYIHPDSPATGEQWMSKVVTFHKLKLTNNISDKHGFTLAFPSDHATWQGNYSFGTQTILNSMHKYQPRFHIVRANDILKLPYSTFRTYLFPETEFIAVTAYQNDKITQLKIDNNPFAKGFRD
1039,T340138_2.00,VGLHEKELWKKFHEAGTEMIITKAGRRMFPSYKVKVTGMNPKTKYILLIDIVPADDHRYKFCDNKWMVAGKAEPAMPGRLYVHPDSPATGAHWMRQLVSFQKLKLTNNHLDPFGHIILNSMHKYQPRLHIVKADENNAFGSKNTAFCTHVFPETSFISVTSYQNHKITQLKIENNPFAKGFRG
1042,T340141_2.00,VFLHERELWLKFHEVGTEMIITKAGRRMFPSYKVKVTGLNPKTKYILLMDIVPADDHRYKFADNKWSVTGKAEPAMPGRLYVHPDSPATGAHWMRQLVSFQKLKLTNNHLDPFGHIILNSMHKYQPRLHIVKADENNGFGSKNTAFCTHVFPETAFIAVTSYQNHKITQLKIENNPFAKGFRG
1045,T342364_2.00,VPQLQNIVSTVNLGCKLDLKTIALRARNAEYNPKRFAAVIMRIREPRTTALIFSSGKMVCTGAKSEEQSRLAARKYARVVQKL
