M1324,T116801_1.02,RVVWSIELHQQFVNAVNKLGIDKAVPKRILELMNVPGLSRENVASHLQKFR
M1345,T117010_1.02,RVVWSQELHQKFVSAVQQLGLDKAVPKKILDLMSIEGLTRENVASHLQKYR
M1331,T116923_1.02,RVVWSVELHQQFVAAVNQLGVDKAVPKKILEMMNVPGLTRENVASHLQKYR
M1320,T116761_1.02,RRCWSPELHRRFLHALQQLGGSHVATPKQIRDLMKVDGLTNDEVKSHLQKYR
M1321,T116785_1.02,RRCWSPELHRRFLNALQQLGGSHVATPKQIRDHMKVDGLTNDEVKSHLQKYR
M1322,T116796_1.02,GVPWTEEEHKLFLLGLQRVGKGDWKGISRNFVKTRTSTQVASHAQKYF
M1325,T116847_1.02,RLKWTPDLHERFIEAVNQLGGADKATPKTIMKVMGIPGLTLYHLKSHLQKYR
M1336,T116952_1.02,SSQWTRSEDKMFEQALVLFPEGSPNRWERIADQLHKSAGEVREHYEVLV
M1337,T116953_1.02,RLVWTPQLHKRFVDAVAHLGIKNAVPKTIMQLMSVDGLTRENVASHLQKYR
M1339,T116962_1.02,GSVWSREDDIAFERALANNTDESEERWEKIAADVPGKSVEQIKEHYELLV
M1344,T116997_1.02,GTPWTEEEHRMFLLGLQKLGKGDWRGISRNYVTTRTPTQVASHAQKYF
M1335,T116944_1.02,KGAWTKEEDERLVAYIKAHGEGCWRSLPKAAGLLRCGKSCRLRWINYL
M1330,T116900_1.02,KGPWSQEEDEQLRRMVEKYGPRNWSAISKSIPGRSGKSCRLRWCNQL
M1334,T116934_1.02,RMRWTPELHEAFVEAVNSLGGSERATPKGVLKIMKVEGLTIYHVKSHLQKYR
M1315,T116744_1.02,RRCWSSQLHRRFLNALQHLGGPHVATPKQIREFMKVDGLTNDEVKSHLQKYR
M1340,T116971_1.02,RMRWTSSLHARFVHAVELLGGHERATPKSVLELMDVKDLTLAHVKSHLQMYR
M1343,T116988_1.02,KGPWTMEEDLILINYIANHGEGVWNSLAKSAGLKRTGKSCRLRWLNYL
M1319,T116759_1.02,KGAWTKEEDQLLVDYIRKHGEGCWRSLPRAAGLQRCGKSCRLRWMNYL
M1329,T116896_1.02,KGPWTPEEDIILVSYIQEHGPGNWRSVPTHTGLRRCSKSCRLRWTNYL
M1333,T116928_1.02,KGQWTAEEDRVLIQLVEKYGLRKWSHIAQVLPGRIGKQCRERWHNHL
M1316,T116747_1.02,MKFWTSEEVAALREGVKEYGKSWKDIKNSYPVVFADRSEVDLKDKWRNLL
M1302,T116390_1.02,GVPWTEEEHRMFLLGLQKLGKGDWRGIARNYVISRTPTQVASHAQKYF
M1303,T116408_1.02,RESWTEPEHDKFLEALQLFDRDWKKIEAFVGSKTVIQIRSHAQKYF
M1304,T116428_1.02,KQKWTAEEEAALKAGVIKHGAGKWRTILTDPEFSSILHLRSNVDLKDKWRNIN
M1305,T116429_1.02,KGRWTSEEDEILTKYIQSNGEGSWRSLPKNAGLLRCGKSCRLRWINYL
M1306,T116443_1.02,REKWTEEEHQKFLEALKLYGRGWRQIEEHVGTKTAVQIRSHAQKYF
M1307,T116455_1.02,RLRWTHELHERFVDAVAQLGGPDRATPKGVLRVMGVQGLTIYHVKSHLQKYR
M1308,T116478_1.02,RRCWSIELHRRFVDAIHQLGGSHVATPKQIRELMRVEGLTNDEVKSHLQKYR
M1309,T116505_1.02,GTPWTEEEHKLFLLGLQKVGKGDWRGISRNFVKTRTPTQVASHAQKYF
M1310,T116514_1.02,RRNWSPELHKRFLNALQQLGGSHAATPKQIRELMKVDGLTNDEVKSHLQKYR
M1311,T116543_1.02,GVPWTEEEHKLFLLGLQKVGKGDWRGISRNFVKSRTPTQVASHAQKYF
M1312,T116557_1.02,STNWTAAENKAFENALAVFDKETPERWHNVAAMIPGKSVEDVIKKYKELE
M1313,T116567_1.02,KGPWSPEEDDSLQKLVEKHGPRNWSLISKSIPGRSGKSCRLRWCNQL
M1314,T116575_1.02,GVPWTEEEHRLFLIGLQKLGKGDWRGIARNYVVSRTPTQVASHAQKYF
M1354,T117776_1.02,KGKWTSEEDQILIKAVNLHNQKNWKKIAEHFPDRTDVQCHHRYQKVL
M1347,T117749_1.02,KGHWTKEEDEKLRSLVDLHGTKRWKYIASLLCLRNGRQCRERWSNQL
M1349,T117763_1.02,TLWTTEDDEKFAEAYNKYGKSWKTIHSHLPDKTREQVQSHGQYLI
M1351,T117770_1.02,RENWTDEEHQKFLEALTLFDRDWKKIESFVGSKTVIQIRSHAQKYF
M1352,T117771_1.02,SRYWTPEEHSRFIEALSKYGHKDVKSISQYVSTRNPTQVRTHAQKYF
M1353,T117772_1.02,KGPWKDEEDAKLVELVNKCGPKEWSSIAAKIPGRIGKQCRERWFNHL
M1348,T117759_1.02,PGLWTDEECRSLIKAVMIIGHRWIKIKEDYYSTSKRKPSQLKDKMRSLR
M1350,T117765_1.02,RKLWSQEECCRLLEMVFQRDPQSVTSKESELRWRSIASTLGRTVTSTRKKYMRLM
M1355,T118449_1.02,KVKWTHEEDEQLRALVRQFGQQDWKFLASHFPNRTDQQCQYRWLRVL
M1359,T118479_1.02,KPRFSFEENQILIREVRAHYPQLYGAQSRRVSVAERRRVWDSIATKINGITSWKRTGQEVQKRWNDFK
M1360,T118483_1.02,KPKFSKEELDILVTEVTRHEAVLFGRETMRLSHADRDKIWEGIARKITSVSQVPRSIKDIKHRWDDMK
M1367,T119976_1.02,QSKWSPEEDALIIELRGSGMKWDDISKRLPGRSSISCRLHYQNYL
M1368,T119979_1.02,RRPWTPDEEKALMMGLDMVKGPHWSQILSLFGAHGSVSDILKDRTQVQLKDKARNLK
M1366,T119975_1.02,RGPWSAGEDQRLIKLVKDLGPGNWVNVARILGTRTPKQCRERWHQNL
M1362,T119745_1.02,KGPWSPEEDEALRRLVERHGARNWTAIGRGIPGRSGKSCRLRWCNQL
M1363,T119749_1.02,RRCWAPELHRRFLQALQQLGGSHVATPKQIRELMKVDGLTNDEVKSHLQKYR
M1364,T119786_1.02,RMRWTPELHESFVHAVNKLGGSEKATPKGVLKLMKVDGLTIYHVKSHLQKYR
M1389,T125575_1.02,KTKFTPEEVAALRQGVKVYGKGAWAKILQAHHAVFDTHKRTQVDLKDKWRNIE
M1390,T125580_1.02,GVAWTEEEHKNFLIGLQKLGKGDWRGISRHFVTTRTPTQVASHAQKYF
M1391,T125588_1.02,QLRWTDVEVQALIRGVEKYGVGKWSYIMKDPTMFADFHPRRTSVDLKDKWRVI
M1392,T125589_1.02,RLRWTPELHAEFLKAVHQLGGLELATPKGIATLMTTSGMTLQHIKSHLQKYR
M1394,T125951_1.02,HNPWALEEAEALVRGVAQCGGGKWADIKKLGFPAIEHRTAVDLKDKWRNLL
M1395,T125952_1.02,SVSWSFEEDKFFETNLAQYDGWPITGDDYWGQLQQQMPQKAVQELKDRYAKLK
M1396,T125954_1.02,KREWTVEEERALRDGVQKYGAGKWRAIQLDPTFGLALNHRSNVDLKDKWRNLH
M1397,T125955_1.02,RVVWSAELHTQFVTAVNQLGIDKAVPKRILDLMGIQGLTRENVASHLQKYR
M1398,T126161_1.02,GQKFTPEEDRLILELVQSIGPKFQKIHKHFPGKTLAMVKNRYYKYL
M1399,T126227_1.02,TGHWSEQEHNTYLDFLNMHRTVMESQDQKKTSKIFKLMSETIGTRSPSQCRSHHQKFN
M1383,T121629_1.02,MPWTTREEEKLRDIIARHGAKRWNAIATMMNESGACDEPKTAKQCRRRYTGHL
M1384,T122721_1.02,RVVWSVELHQQFVSAVNQLGIDKAVPKRILELMGVQGLTRENVASHLQKYR
M1388,T123381_1.02,GVPWTEEEHRLFLLGLQKLGKGDWRGISRNFVQTRTPTQVASHAQKYF
M1385,T123259_1.02,KGIWSQEEHDRFLEAMKLYPKGPWKTIADHIATRSVRQVQTHAQKYQ
M1386,T123284_1.02,PRRWTKEEDDALRTAVENHREKNWKAIAAQVPGRNHTQCLQRWTKVL
M1387,T123326_1.02,RLLWTSEEHERFLEALEMYPSGPWKLIANHVGTRSTRQAMTHAQKYR
M1375,T120865_1.02,RNSWSKDDDNMLRSLVNESAKELGYENGLEDVKTIQQSNHLSKCIAWDVLATRFKHTVRTSKDVRKRWTG
M1373,T120859_1.02,PSSWDPQDDLLLRHLKEVKKMGWKDISQYFPNRTPNACQFRWRRLK
M1372,T120855_1.02,SNRWSVEEEELLKKVISDM
M1376,T120868_1.02,KRTWSKEEEEALVEGLKEVGPSWSKILDLYGPGGKITENLKNRTQVQLKDKARNWK
M1370,T120854_1.02,PSSWDPSDDIKLRHLKEIKNLGWKEIAHHFPNRTPNACQFRWRRLK
M1393,T125604_1.02,HGRWTKEEHQKFLEGLNIYGKNWKKVEEHIGTRTGAQIRSHAQKFF
M1369,T120826_1.02,TGRWTAEEHRLFLQGLEQHGKGWKKIAGLIKSRTVVQIRTHAQKYF
M1378,T121216_1.02,RIRFTEEEDNMLKELVRNKRNKTWKEIAACLPGRTACQCRDRYNQYL
M1379,T121234_1.02,KGSWSQEEDNLLKKAVQSQSPILWDLVAEKVPGRTPIQCKERWLYRL
M1380,T121244_1.02,KVKFTPEEDDLLTEIIERIGTNDWELVSKEMKKRTARQCRERWINYL
M1381,T121358_1.02,RQKFTAEEDARLIELVRIHGNKAWKKIASIMKTRTTRQCRERYINYL
M1382,T121506_1.02,KEKFTPAEDVKLRALVQFLGTSSWNKVAEFMGTRNARQCRDRYKNYL
